,Sub,Temp,Result
0,This Must Be the Place (film),1.0,"```
<http://yago-knowledge.org/resource/This_Must_Be_the_Place_(film)>
  a <http://schema.org/Movie>;

  <http://purl.org/dc/terms/title> ""This Must Be the Place (film)"";

  <http://purl.org/dc/terms/description> ""2011 Italian-French-Irish drama film directed by Paolo Sorrentino, written by Sorrentino and (it) and released in the United States in late 2012. It stars Sean Penn and Frances McDormand. The film deals with a middle-aged wealthy rock star who becomes bored in his retirement and takes on the quest of finding his father's tormentor, a Nazi war criminal who is a refugee in the United States. The film was an Italian-majority production with co-producers in France and Ireland. Principal photography began in August, 2010. Filming took place in Ireland and Italy, as well as the states of Michigan, New Mexico, and New York. The film was in competition at the 2011 Cannes Film Festival."";

  <http://purl.org/dc/terms/date> ""2011"";

  <http://schema.org/director>
    <http://yago-knowledge.org/resource/Paolo_Sorrentino>;

  <http://schema.org/actor>
    <http://yago-knowledge.org/resource/Sean_Penn>,
    <http://yago-knowledge.org/resource/Frances_McDormand>;

  <http://dbpedia.org/ontology/country> <http://yago-knowledge.org/resource/Italy>;
  
  <http://dbpedia.org/ontology/producer>
    <http://yago-knowledge.org/resource/Italy>,
    <http://yago-knowledge.org/resource/France>,
    <http://yago-knowledge.org/resource/Ireland>;

  <http://dbpedia.org/ontology/language> <http://yago-knowledge.org/resource/English>;

  <http://dbpedia.org/ontology/filmingLocation>
    <http://yago-knowledge.org/resource/Ireland>,
    <http://yago-knowledge.org/resource/Italy>,
    <http://yago-knowledge.org/resource/Michigan>,
    <http://yago-knowledge.org/resource/New_Mexico>,
    <http://yago-knowledge.org/resource/New_York>;

  <http://dbpedia.org/ontology/festival>
    <http://yago-knowledge.org/resource/Cannes_Film_Festival/2011>;
  
  <http://dbpedia.org/ontology/musicComposer>
    <http://yago-knowledge.org/resource/David_Byrne>,
    <http://yago-knowledge.org/resource/Will_Oldham>,
    <http://yago-knowledge.org/resource/Nino_D'Angelo>;
    
  <http://dbpedia.org/ontology/cinematography> <http://yago-knowledge.org/resource/Luca_Bigazzi>.
```"
1,This Must Be the Place (film),0.8,"```
<This_Must_Be_the_Place_(film)> a <yago:Film106528682>.
<This_Must_Be_the_Place_(film)> <yago:directed> <Paolo_Sorrentino>.
<Paolo_Sorrentino> a <yago:Person100007846>.
<Paolo_Sorrentino> <yago:hasGender> <yago:Male109624168>.
<This_Must_Be_the_Place_(film)> <yago:wasWrittenBy> <Paolo_Sorrentino>.
<This_Must_Be_the_Place_(film)> <yago:wasReleasedIn> <United_States>.
<United_States> a <yago:Country108544813>.
<This_Must_Be_the_Place_(film)> <yago:stars> <Sean_Penn>.
<Sean_Penn> a <yago:Person100007846>.
<Sean_Penn> <yago:hasGender> <yago:Male109624168>.
<This_Must_Be_the_Place_(film)> <yago:stars> <Frances_McDormand>.
<Frances_McDormand> a <yago:Person100007846>.
<Frances_McDormand> <yago:hasGender> <yago:Female110000814>.
<This_Must_Be_the_Place_(film)> <yago:dealsWith> ""a middle-aged wealthy rock star who becomes bored in his retirement and takes on the quest of finding his father's tormentor, a Nazi war criminal who is a refugee in the United States"".
<This_Must_Be_the_Place_(film)> <yago:wasProducedIn> <Italy>.
<Italy> a <yago:Country108544813>.
<Italy> <yago:hasOfficialLanguage> <ItalianLanguage>.
<This_Must_Be_the_Place_(film)> <yago:wasCoProducedIn> <France>.
<France> a <yago:Country108544813>.
<France> <yago:hasOfficialLanguage> <FrenchLanguage>.
<This_Must_Be_the_Place_(film)> <yago:wasCoProducedIn> <Ireland>.
<Ireland> a <yago:Country108544813>.
<Ireland> <yago:hasOfficialLanguage> <IrishLanguage>.
<This_Must_Be_the_Place_(film)> <yago:wasFilmedIn> <Ireland>.
<This_Must_Be_the_Place_(film)> <yago:wasFilmedIn> <Italy>.
<This_Must_Be_the_Place_(film)> <yago:wasFilmedIn> <Michigan>.
<Michigan> a <yago:State108441214>.
<This_Must_Be_the_Place_(film)> <yago:wasFilmedIn> <New_Mexico>.
<New_Mexico> a <yago:State108441214>.
<This_Must_Be_the_Place_(film)> <yago:wasFilmedIn> <New_York>.
<New_York> a <yago:State108441214>.
<This_Must_Be_the_Place_(film)> <yago:wasInCompetitionAt> <Cannes_Film_Festival>.
<Cannes_Film_Festival> a <yago:Event100029378>.
```"
2,This Must Be the Place (film),0.8,"```
<http://yago-knowledge.org/resource/This_Must_Be_the_Place_(film)> 
  <http://www.w3.org/1999/02/22-rdf-syntax-ns#type>
    <http://yago-knowledge.org/resource/Wikicat2010sdramafilms>,
    <http://yago-knowledge.org/resource/WikicatAmericanFilms>,
    <http://yago-knowledge.org/resource/WikicatEnglishLanguageFilms>,
    <http://yago-knowledge.org/resource/WikicatFrenchFilms>,
    <http://yago-knowledge.org/resource/WikicatItalianFilms>,
    <http://yago-knowledge.org/resource/WikicatIrishFilms>,
    <http://yago-knowledge.org/resource/WikicatFilmsDirectedByPaoloSorrentino>,
    <http://yago-knowledge.org/resource/WikicatFilmsProducedByFrancesco_Melzi_d'Eril>,
    <http://yago-knowledge.org/resource/WikicatFilmsProducedByNicola_Giuliano>,
    <http://yago-knowledge.org/resource/WikicatFilmsProducedByCristian_Busoi>,
    <http://yago-knowledge.org/resource/WikicatFilmsShotInMichigan>,
    <http://yago-knowledge.org/resource/WikicatFilmsShotInNewMexico>,
    <http://yago-knowledge.org/resource/WikicatFilmsShotInNewYork>,
    <http://yago-knowledge.org/resource/WikicatFrenchDramaFilms>,
    <http://yago-knowledge.org/resource/WikicatEnglish-languageFilms>,
    <http://yago-knowledge.org/resource/WikicatIrishDramaFilms>,
    <http://yago-knowledge.org/resource/WikicatItalianDramaFilms>,
    <http://yago-knowledge.org/resource/Wikicat2010sDramaFilms>,
    <http://yago-knowledge.org/resource/Wikicat2011Films>,
    <http://yago-knowledge.org/resource/Wikicat2011DramaFilms>,
    <http://yago-knowledge.org/resource/Wikicat2011IndependentFilms>,
    <http://yago-knowledge.org/resource/Wikicat2010sIndependentFilms>,
    <http://yago-knowledge.org/resource/WikicatFilmsAboutNazism>,
    <http://yago-knowledge.org/resource/WikicatFilmsAboutRockMusic>,
    <http://yago-knowledge.org/resource/WikicatFilmsAboutRetirement>,
    <http://yago-knowledge.org/resource/WikicatFilmsAboutSearching>,
    <http://yago-knowledge.org/resource/WikicatFilmsAboutWarCriminals>,
    <http://yago-knowledge.org/resource/WikicatFilmsAboutWidowhood>,
    <http://yago-knowledge.org/resource/WikicatFilmsAboutFathersAndDaughters>,
    <http://yago-knowledge.org/resource/WikicatFilmsAboutTheHolocaust>;
  <http://yago-knowledge.org/resource/directedBy> <http://yago-knowledge.org/resource/Paolo_Sorrentino>;
  <http://yago-knowledge.org/resource/producedBy> <http://yago-knowledge.org/resource/Francesco_Melzi_d'Eril>;
  <http://yago-knowledge.org/resource/producedBy> <http://yago-knowledge.org/resource/Nicola_Giuliano>;
  <http://yago-knowledge.org/resource/producedBy> <http://yago-knowledge.org/resource/Cristian_Busoi>;
  <http://yago-knowledge.org/resource/starring> <http://yago-knowledge.org/resource/Sean_Penn>;
  <http://yago-knowledge.org/resource/starring> <http://yago-knowledge.org/resource/Frances_McDormand>;
  <http://yago-knowledge.org/resource/releaseYear> ""2011""^^<http://www.w3.org/2001/XMLSchema#gYear>;
  <http://yago-knowledge.org/resource/countryOfOrigin> <http://yago-knowledge.org/resource/Italy>;
  <http://yago-knowledge.org/resource/countryOfOrigin> <http://yago-knowledge.org/resource/France>;
  <http://yago-knowledge.org/resource/countryOfOrigin> <http://yago-knowledge.org/resource/Ireland>;
  <http://yago-knowledge.org/resource/filmedIn> <http://yago-knowledge.org/resource/Michigan>;
  <http://yago-knowledge.org/resource/filmedIn> <http://yago-knowledge.org/resource/New_Mexico>;
  <http://yago-knowledge.org/resource/filmedIn> <http://yago-knowledge.org/resource/New_York>;
  <http://yago-knowledge.org/resource/about> <http://yago-knowledge.org/resource/Nazism>;
  <http://yago-knowledge.org/resource/about> <http://yago-knowledge.org/resource/Rock_music>;
  <http://yago-knowledge.org/resource/about> <http://yago-knowledge.org/resource/Retirement>;
  <http://yago-knowledge.org/resource/about> <http://yago-knowledge.org/resource/Searching>;
  <http://yago-knowledge.org/resource/about> <http://yago-knowledge.org/resource/War_criminal>;
  <http://yago-knowledge.org/resource/about> <http://yago-knowledge.org/resource/Widow>;
  <http://yago-knowledge.org/resource/about> <http://yago-knowledge.org/resource/Father>;
  <http://yago-knowledge.org/resource/about> <http://yago-knowledge.org/resource/Holocaust>;
  <http://yago-knowledge.org/resource/about> <http://yago-knowledge.org/resource/Daughter>.
```"
3,This Must Be the Place (film),0.6,"```
<This_Must_Be_the_Place_(film)> rdf:type yago:Film106397338 .
<This_Must_Be_the_Place_(film)> rdfs:label ""This Must Be the Place (film)""@en .
<This_Must_Be_the_Place_(film)> dct:subject dbc:2011_films, dbc:Italian_films, dbc:French_films, dbc:Irish_films .
<This_Must_Be_the_Place_(film)> dbp:director dbr:Paolo_Sorrentino .
<This_Must_Be_the_Place_(film)> dbp:writer dbr:Paolo_Sorrentino .
<This_Must_Be_the_Place_(film)> dbp:starring dbr:Sean_Penn, dbr:Frances_McDormand .
<This_Must_Be_the_Place_(film)> dbp:country dbr:Italy, dbr:France, dbr:Ireland .
<This_Must_Be_the_Place_(film)> dbp:producer dbr:Francesca_Cima, dbr:Nicola_Giuliano, dbr:Andrea_Odetti, dbr:Fabio_Consonni .
<This_Must_Be_the_Place_(film)> dbp:releasedDate ""2012-11-02""^^xsd:date .
<This_Must_Be_the_Place_(film)> dbp:plot ""A retired rock star sets out to find his father's Nazi tormentor.""@en .
<This_Must_Be_the_Place_(film)> dbp:location dbr:Ireland, dbr:Italy, dbr:Michigan, dbr:New_Mexico, dbr:New_York_(state) .
<This_Must_Be_the_Place_(film)> dbp:cinematography dbr:Luca_Bigazzi .
<This_Must_Be_the_Place_(film)> dbp:editing dbr:Cristiano_Travaglioli .
<This_Must_Be_the_Place_(film)> dbp:music dbr:David_Byrne .
<This_Must_Be_the_Place_(film)> foaf:isPrimaryTopicOf <https://en.wikipedia.org/wiki/This_Must_Be_the_Place_(film)> .
<This_Must_Be_the_Place_(film)> dbo:wikiPageID ""32626426""^^xsd:integer .
<This_Must_Be_the_Place_(film)> dbo:wikiPageRevisionID ""1021997626""^^xsd:integer .
<This_Must_Be_the_Place_(film)> dbo:wikiPageWikiLink dbr:Paolo_Sorrentino, dbr:Sean_Penn, dbr:Frances_McDormand, dbc:2011_Cannes_Film_Festival, dbc:2011_films, dbc:Films_directed_by_Paolo_Sorrentino, dbc:Films_set_in_the_United_States, dbc:French_films, dbc:Irish_films, dbc:Italian_films, dbc:Music_and_musicians_in_fiction, dbc:Road_movies, dbc:2010s_drama_films .
```"
4,This Must Be the Place (film),0.6,"```
<This_Must_Be_the_Place_(film)> rdf:type yago:Film106590330 .
<This_Must_Be_the_Place_(film)> rdfs:label ""This Must Be the Place (film)"" .
<This_Must_Be_the_Place_(film)> dct:subject category:2011_films , category:Italian_films , category:French_films , category:Irish_films , category:Drama_films .
<This_Must_Be_the_Place_(film)> dbo:director dbr:Paolo_Sorrentino .
<This_Must_Be_the_Place_(film)> dbo:writer dbr:Paolo_Sorrentino .
<This_Must_Be_the_Place_(film)> dbo:starring dbr:Sean_Penn , dbr:Frances_McDormand .
<This_Must_Be_the_Place_(film)> dbo:country dbr:Italy , dbr:France , dbr:Ireland .
<This_Must_Be_the_Place_(film)> dbo:producer dbr:Italy , dbr:France , dbr:Ireland .
<This_Must_Be_the_Place_(film)> dbp:released ""2012-11-02""^^xsd:date .
<This_Must_Be_the_Place_(film)> dbo:plot ""The film deals with a middle-aged wealthy rock star who becomes bored in his retirement and takes on the quest of finding his father's tormentor, a Nazi war criminal who is a refugee in the United States."" .
<This_Must_Be_the_Place_(film)> dbo:location dbr:Ireland , dbr:Italy , dbr:Michigan , dbr:New_Mexico , dbr:New_York_(state) .
<This_Must_Be_the_Place_(film)> dbo:thumbnail <https://upload.wikimedia.org/wikipedia/en/e/e9/This_Must_Be_the_Place_2011_film_poster.jpg> .
<This_Must_Be_the_Place_(film)> dbo:wikiPageID ""32924392""^^xsd:integer .
<This_Must_Be_the_Place_(film)> dbo:wikiPageRevisionID ""987632042""^^xsd:integer .
<This_Must_Be_the_Place_(film)> foaf:isPrimaryTopicOf <https://en.wikipedia.org/wiki/This_Must_Be_the_Place_(film)> .
```"
