,Subject,GPT,GPT2
0,Myanmar,"@prefix ex: <http://example.com/> .
@prefix rdf: <http://www.w3.org/1999/02/22-rdf-syntax-ns#> .
@prefix xsd: <http://www.w3.org/2001/XMLSchema#> .

ex:Myanmar rdf:type ex:Country ;
    ex:officialName ""Republic of the Union of Myanmar""^^xsd:string ;
    ex:formerName ""Burma""^^xsd:string ;
    ex:locatedIn ex:SoutheastAsia ;
    ex:hasCapital ex:Naypyidaw ;
    ex:hasLargestCity ex:Yangon ;
    ex:hasBorderWith ex:Bangladesh, ex:India, ex:China, ex:Laos, ex:Thailand ;
    ex:hasCoastlineWith ex:AndamanSea, ex:BayOfBengal ;
    ex:hasPopulation ""54000000""^^xsd:integer ;
    ex:hasArea ""676578""^^xsd:integer ;
    ex:hasLanguage ex:Burmese ;
    ex:hasReligion ex:TheravadaBuddhism ;
    ex:hasHistory [
        ex:included [
            ex:PyuCityStates ;
            ex:UpperMyanmar
        ] ;
        ex:included [
            ex:MonKingdoms ;
            ex:LowerMyanmar
        ] ;
        ex:entered ex:UpperIrrawaddyValley ;
        ex:established ex:PaganKingdom
    ] ;
    ex:hasGovernment [
        ex:ruledBy ex:TaungooDynasty ;
        ex:ruledOver [
            ex:included ex:ModernMyanmar ;
            ex:controlled [
                ex:included ex:Manipur ;
                ex:included ex:Assam
            ]
        ] ;
        ex:colonizedBy ex:BritishEmpire ;
        ex:controlledBy ex:BurmaSocialistProgrammeParty ;
        ex:transitionedTo ex:NominallyCivilianGovernment
    ] ;
    ex:hasEconomy [
        ex:hasNaturalResources [
            ex:hasMinerals [
                ex:included ex:Jade ;
                ex:included ex:Gems ;
                ex:included ex:Oil ;
                ex:included ex:NaturalGas ;
                ex:included ex:Teak
            ] ;
            ex:hasRenewableEnergy ""Yes""^^xsd:boolean ;
            ex:hasSolarPowerPotential ""Highest in Great Mekong Subregion""^^xsd:string
        ] ;
        ex:hasGDP [
            ex:nominal ""56.7 billion USD""^^xsd:string ;
            ex:PPP ""221.5 billion USD""^^xsd:string
        ] ;
        ex:hasIncomeGap ""Among the widest in the world""^^xsd:string ;
        ex:controlledByMilitaryJunta ""Yes""^^xsd:boolean
    ] ;
    ex:hasHumanDevelopmentIndex ""147""^^xsd:integer .","@prefix ex: <http://example.com/> .

ex:Myanmar ex:officialName ""Republic of the Union of Myanmar"" ;
    ex:alsoKnownAs ""Burma"" ;
    ex:locatedIn ex:SoutheastAsia ;
    ex:hasCapital ex:Naypyidaw ;
    ex:largestCity ex:Yangon ;
    ex:hasBorderWith ex:Bangladesh, ex:India, ex:China, ex:Laos, ex:Thailand ;
    ex:hasCoastlineWith ex:AndamanSea, ex:BayOfBengal ;
    ex:hasPopulation ""54000000""^^xsd:integer ;
    ex:hasArea ex:MainlandSoutheastAsia ;
    ex:hasEarlyCivilization ex:PyuCityStates, ex:MonKingdoms ;
    ex:hasDominantLanguage ""Burmese"" ;
    ex:hasDominantReligion ex:TheravadaBuddhism ;
    ex:hasHistoricalDynasty ex:PaganKingdom, ex:TaungooDynasty, ex:KonbaungDynasty ;
    ex:hasColonialHistory ""British colony"" ;
    ex:hasIndependenceYear ""1948""^^xsd:integer ;
    ex:hasGovernmentType ""Military dictatorship"" ;
    ex:hasHumanRightsIssues ""ethnic strife, human rights violations"" ;
    ex:hasImprovedHumanRightsRecord ""release of Aung San Suu Kyi and political prisoners, successful elections"" ;
    ex:hasNaturalResources ""jade, gems, oil, natural gas, teak, minerals"" ;
    ex:hasRenewableEnergyPotential ""solar power"" ;
    ex:hasGDPnominal ""56700000000""^^xsd:integer ;
    ex:hasGDPppp ""221500000000""^^xsd:integer ;
    ex:hasIncomeGap ""widest in the world"" ;
    ex:hasHumanDevelopmentIndexRank ""147""^^xsd:integer ;
    ex:hasDisplacedPeople ""600000""^^xsd:integer ;
    ex:hasPeopleInNeedOfAssistance ""3000000""^^xsd:integer .
    
ex:SoutheastAsia a ex:Region .
ex:MainlandSoutheastAsia a ex:Area .
ex:PyuCityStates a ex:Civilization .
ex:MonKingdoms a ex:Kingdom .
ex:PaganKingdom a ex:HistoricalDynasty .
ex:TaungooDynasty a ex:HistoricalDynasty .
ex:KonbaungDynasty a ex:HistoricalDynasty .
ex:TheravadaBuddhism a ex:Religion ."
1,Germany,"@prefix ex: <http://example.com/> .

ex:Germany ex:name ""Germany"" .
ex:Germany ex:officialName ""Federal Republic of Germany"" .
ex:Germany ex:population ""84000000"" .
ex:Germany ex:area ""357022"" .
ex:Germany ex:capital ""Berlin"" .
ex:Germany ex:largestCity ""Ruhr"" .
ex:Germany ex:location ""Central Europe"" .
ex:Germany ex:language ""German"" .
ex:Germany ex:governmentType ""Federal parliamentary republic"" .
ex:Germany ex:leaderTitle ""Chancellor"" .
ex:Germany ex:leaderName ""Angela Merkel"" .
ex:Germany ex:currency ""Euro"" .
ex:Germany ex:economicRank ""4"" .
ex:Germany ex:peaceIndexRank ""16"" .
ex:Germany ex:UNMember true .
ex:Germany ex:EUMember true .
ex:Germany ex:NATOMember true .
ex:Germany ex:G7Member true .
ex:Germany ex:G20Member true .
ex:Germany ex:OECDMember true .
ex:Germany ex:UNESCOHeritageSiteCount ""3"" .
ex:Germany ex:hasBorderWith ex:Denmark, ex:Poland, ex:Czech_Republic, ex:Austria, ex:Switzerland, ex:France, ex:Luxembourg, ex:Belgium, ex:Netherlands .
ex:Germany ex:historicalPeriod ""Holy Roman Empire"" .
ex:Germany ex:historicalPeriod ""Protestant Reformation"" .
ex:Germany ex:historicalPeriod ""German Confederation"" .
ex:Germany ex:historicalPeriod ""Weimar Republic"" .
ex:Germany ex:historicalPeriod ""Nazi Germany"" .
ex:Germany ex:historicalPeriod ""Allied occupation"" .
ex:Germany ex:historicalPeriod ""German reunification"" .","@prefix ex: <http://example.com/> .

ex:Germany a ex:Country ;
    ex:name ""Germany""@en ;
    ex:officialName ""Federal Republic of Germany""@en ;
    ex:population ""84000000""^^xsd:integer ;
    ex:area ""357022""^^xsd:integer ;
    ex:capital ex:Berlin ;
    ex:financialCentre ex:Frankfurt ;
    ex:largestUrbanArea ""Ruhr"" ;
    ex:locatedIn ex:CentralEurope ;
    ex:hasBorderWith ex:Denmark, ex:Poland, ex:CzechRepublic, ex:Austria, ex:Switzerland, ex:France, ex:Luxembourg, ex:Belgium, ex:Netherlands ;
    ex:foundingMemberOf ex:EuropeanEconomicCommunity, ex:EuropeanUnion ;
    ex:memberOf ex:UnitedNations, ex:NATO, ex:CouncilOfEurope, ex:G7, ex:G20, ex:OECD ;
    ex:numberOfUNESCOWorldHeritageSites ""3""^^xsd:integer ;
    ex:rankedAs ex:GreatPower, ex:ThirdLargestExporter, ex:ThirdLargestImporter, ex:NinthOnHumanDevelopmentIndex, ex:SixteenthMostPeacefulCountry ;
    ex:hasHistoricalRegion ex:Germania ;
    ex:formedFrom ex:KingdomOfGermany, ex:HolyRomanEmpire, ex:GermanConfederation, ex:NorthGermanConfederation, ex:GermanEmpire, ex:WeimarRepublic, ex:FederalRepublicOfGermany, ex:GermanDemocraticRepublic ;
    ex:commemorates ex:WorldWarI, ex:GermanRevolution, ex:WorldWarII, ex:Holocaust, ex:FallOfCommunism, ex:GermanReunification .

ex:Berlin a ex:City ;
    ex:name ""Berlin""@en .

ex:Frankfurt a ex:City ;
    ex:name ""Frankfurt""@en .

ex:CentralEurope a ex:Region ;
    ex:name ""Central Europe""@en .

ex:Germania a ex:HistoricalRegion ;
    ex:name ""Germania""@en ."
2,Russia,"@prefix ex: <http://example.com/> .
@prefix rdf: <http://www.w3.org/1999/02/22-rdf-syntax-ns#> .
@prefix xsd: <http://www.w3.org/2001/XMLSchema#> .

ex:Russia rdf:type ex:Country ;
    ex:name ""Russia""@en ;
    ex:officialName ""Russian Federation""@en ;
    ex:capital ex:Moscow ;
    ex:largestCity ex:Saint_Petersburg ;
    ex:population ""146000000""^^xsd:integer ;
    ex:area ""17098246""^^xsd:integer ;
    ex:timeZone ""UTC+2 to +12"" ;
    ex:landBoundaryWith ex:China, ex:Norway, ex:Finland, ex:Estonia, ex:Latvia, ex:Lithuania, ex:Poland, ex:Belarus, ex:Ukraine, ex:Georgia, ex:Azerbaijan, ex:Kazakhstan, ex:Mongolia, ex:North_Korea ;
    ex:rankInPopulation ""9""^^xsd:integer ;
    ex:rankInArea ""1""^^xsd:integer ;
    ex:rankInGDPNominal ""9""^^xsd:integer ;
    ex:rankInGDPPP ""6""^^xsd:integer ;
    ex:hasWorldHeritageSite ex:Kremlin_and_Red_Square, ex:Historic_Monuments_of_Novgorod_and_Surroundings, ex:Kizhi_Pogost, ex:Historic_and_Architectural_Complex_of_the_Kremlin_of_Kazan, ex:White_Monuments_of_Vladimir_and_Suzdal, ex:Church_of_the_Ascension, ex:Suzdal, ex:Trinity-Sergius_Monastery, ex:Church_of_the_Savior_on_Blood, ex:Saint_Petersburg, ex:Historic_Centre_of_Saint_Petersburg_and_Related_Groups_of_Monuments, ex:Kamchatka_Volcanoes, ex:Golden_Mountains_of_Altai, ex:Western_Caucasus, ex:Uvs_Nuur_Basin, ex:Central_Sikhote-Alin, ex:Volcanoes_of_Kamchatka, ex:Wrangel_Island, ex:Curonian_Spit, ex:Historic_Monuments_of_Novgorod_and_Surroundings, ex:Uvs_Nuur_Basin, ex:Bolgar_Historical_and_Archaeological_Complex, ex:Ensemble_of_the_Ferrapontov_Monastery ;
    ex:hasOfficialLanguage ex:Russian ;
    ex:hasReligion ex:Russian_Orthodox_Church ;
    ex:hasGovernmentType ex:Semi-presidential_federal_republic ;
    ex:hasLeader ex:Vladimir_Putin ;
    ex:hasCurrency ex:Russian_ruble ;
    ex:hasNationalAnimal ex:Brown_bear ;
    ex:hasNationalBird ex:Double-headed_eagle ;
    ex:hasNationalFlower ex:Chamomile ;
    ex:hasNationalTree ex:Oak .

ex:Moscow rdf:type ex:City ;
    ex:name ""Moscow""@en ;
    ex:isCapitalOf ex:Russia .

ex:Saint_Petersburg rdf:type ex:City ;
    ex:name ""Saint Petersburg""@en ;
    ex:isLargestCityOf ex:Russia .

ex:Kremlin_and_Red_Square rdf:type ex:WorldHeritageSite ;
    ex:name ""Kremlin and Red Square, Moscow""@en .

ex:Historic_Monuments_of_Novgorod_and_Surroundings rdf:type ex:WorldHeritageSite ;
    ex:name ""Historic Monuments of Novgorod and Surroundings""@en .

ex:Kizhi_Pogost rdf:type ex:WorldHeritageSite ;
    ex:name ""Kizhi Pogost""@en .

ex:Historic_and_Architectural_Complex_of_the_Kremlin_of_Kazan rdf:type ex:WorldHeritageSite ;
    ex:name ""Historic and Architectural Complex of the Kremlin of Kazan""@en .

ex:White_Monuments_of_Vladimir_and_Suzdal rdf:type ex:WorldHeritageSite ;
    ex:name ""White Monuments of Vladimir and Suzdal""@en .

ex:Church_of_the_Ascension rdf:type ex:WorldHeritageSite ;
    ex:name ""Church of the Ascension""@en .

ex:Suzdal rdf:type ex:WorldHeritageSite ;
    ex:name ""Suzdal""@en .

ex:Trinity-Sergius_Monastery rdf:type ex:WorldHeritageSite ;
    ex:name ""Trinity-Sergius Monastery""@en .

ex:Church_of_the_Savior_on_Blood rdf:type ex:WorldHeritageSite ;
    ex:name ""Church of the Savior on Blood""@en .

ex:Historic_Centre_of_Saint_Petersburg_and_Related_Groups_of_Monuments rdf:type ex:WorldHeritageSite ;
    ex:name ""Historic Centre of Saint Petersburg and Related Groups of Monuments""@en .

ex:Kamchatka_Volcanoes rdf:type ex:WorldHeritageSite ;
    ex:name ""Volcanoes of Kamchatka""@en .

ex:Golden_Mountains_of_Altai rdf:type ex:WorldHeritageSite ;
    ex:name ""Golden Mountains of Altai""@en .

ex:Western_Caucasus rdf:type ex:WorldHeritageSite ;
    ex:name ""Western Caucasus""@en .

ex:Uvs_Nuur_Basin rdf:type ex:WorldHeritageSite ;
    ex:name ""Uvs Nuur Basin""@en .

ex:Central_Sikhote-Alin rdf:type ex:WorldHeritageSite ;
    ex:name ""Central Sikhote-Alin""@en .

ex:Wrangel_Island rdf:type ex:WorldHeritageSite ;
    ex:name ""Wrangel Island""@en .

ex:Curonian_Spit rdf:type ex:WorldHeritageSite ;
    ex:name ""Curonian Spit""@en .

ex:Bolgar_Historical_and_Archaeological_Complex rdf:type ex:WorldHeritageSite ;
    ex:name ""Bolgar Historical and Archaeological Complex""@en .

ex:Ensemble_of_the_Ferrapontov_Monastery rdf:type ex:WorldHeritageSite ;
    ex:name ""Ensemble of the Ferrapontov Monastery""@en .

ex:Russian rdf:type ex:Language ;
    ex:name ""Russian""@en .

ex:Russian_Orthodox_Church rdf:type ex:Religion ;
    ex:name ""Russian Orthodox Church""@en .

ex:Semi-presidential_federal_republic rdf:type ex:GovernmentType ;
    ex:name ""Semi-presidential federal republic""@en .

ex:Vladimir_Putin rdf:type ex:Leader ;
    ex:name ""Vladimir Putin""@en ;
    ex:title ""President"" .

ex:Russian_ruble rdf:type ex:Currency ;
    ex:name ""Russian ruble""@en .

ex:Brown_bear rdf:type ex:Animal ;
    ex:name ""Brown bear""@en .

ex:Double-headed_eagle rdf:type ex:Bird ;
    ex:name ""Double-headed eagle""@en .

ex:Chamomile rdf:type ex:Flower ;
    ex:name ""Chamomile""@en .

ex:Oak rdf:type ex:Tree ;
    ex:name ""Oak""@en .","@prefix ex: <http://example.com/> .
@prefix rdf: <http://www.w3.org/1999/02/22-rdf-syntax-ns#> .
@prefix xsd: <http://www.w3.org/2001/XMLSchema#> .
@prefix rdfs: <http://www.w3.org/2000/01/rdf-schema#> .

ex:Russia rdf:type ex:Country ;
    ex:officialName ""Russian Federation"" ;
    ex:capital ex:Moscow ;
    ex:largestCity ex:SaintPetersburg ;
    ex:population ""146000000""^^xsd:integer ;
    ex:totalArea ""17098246""^^xsd:integer ;
    ex:inhabitableLandmass ""132766768""^^xsd:integer ;
    ex:timeZone ""UTC+2 to UTC+12"" ;
    ex:sharesLandBoundaryWith ex:China, ex:Norway, ex:Finland, ex:Estonia, ex:Latvia, ex:Lithuania, ex:Poland, ex:Belarus, ex:Ukraine, ex:Georgia, ex:Azerbaijan, ex:Kazakhstan, ex:Mongolia, ex:NorthKorea ;
    ex:rankedByPopulation ""9""^^xsd:integer ;
    ex:rankedByGDPNominal ""9""^^xsd:integer ;
    ex:rankedByGDPPP ""6""^^xsd:integer ;
    ex:hasWorldHeritageSite ex:Kremlin, ex:RedSquare, ex:SaintBasilsCathedral, ex:Suzdal, ex:SolovetskyIslands, ex:KizhiIsland, ex:GoldenMountainsofAltai, ex:UvsNuurBasin, ex:VolcanoesofKamchatka, ex:WesternCaucasus, ex:LenaPillars, ex:CuronianSpit, ex:Derbent, ex:NovodevichyConvent, ex:Trinity-SergiusLavra, ex:VirginKomiForests, ex:HistoricMonumentsofNovgorodandSurroundings, ex:Church of the Ascension, Kolomenskoye, ex:IpatievMonastery, ex:AssumptionCathedralandMonasteryoftheTown-IslandofSviyazhsk, ex:EnsembleoftheFerrapontovMonastery ;
    ex:hasLanguage ex:Russian ;
    ex:hasReligion ex:OrthodoxChristianity ;
    ex:historicalPeriod ex:KievanRus, ex:GrandDuchyofMoscow, ex:RussianEmpire, ex:RussianSFSR, ex:SovietUnion, ex:RussianFederation ;
    ex:hasLeader ex:VladimirPutin ;
    ex:hasMilitary ex:RussianMilitary ;
    ex:hasNuclearWeapons ""Yes"" ;
    ex:rankedByMilitaryExpenditure ""5""^^xsd:integer ;
    ex:hasMineralResources ex:Oil, ex:NaturalGas ;
    ex:rankedByOilProduction ""3""^^xsd:integer ;
    ex:rankedByNaturalGasProduction ""1""^^xsd:integer ;
    ex:hasOrganizationMembership ex:UnitedNationsSecurityCouncil, ex:G20, ex:SCO, ex:BRICS, ex:APEC, ex:OSCE, ex:WTO, ex:CIS, ex:CSTO, ex:EAEU ;
    ex:hasLowRanking ex:HumanRights, ex:FreedomOfThePress, ex:PerceivedCorruption ."
3,Philippines,"@prefix ex: <http://example.com/> .
@prefix rdf: <http://www.w3.org/1999/02/22-rdf-syntax-ns#> .
@prefix rdfs: <http://www.w3.org/2000/01/rdf-schema#> .

ex:Philippines rdf:type ex:Country ;
    rdfs:label ""Philippines""@en ;
    rdfs:comment ""The Philippines is an archipelagic country in Southeast Asia.""@en ;
    ex:officialName ""Republic of the Philippines""@en ;
    ex:consistsOf ex:Luzon, ex:Visayas, ex:Mindanao ;
    ex:isBoundedBy ex:SouthChinaSea, ex:PhilippineSea, ex:CelebesSea ;
    ex:sharesMaritimeBordersWith ex:Taiwan, ex:Japan, ex:Palau, ex:Indonesia, ex:Malaysia, ex:Vietnam, ex:China ;
    ex:hasCapital ex:Manila ;
    ex:largestCity ex:QuezonCity ;
    ex:hasPopulation ""109000000""^^xsd:integer ;
    ex:hasArea ""300000""^^xsd:integer ;
    ex:hasEthnicities ""Negritos, Austronesian peoples""@en ;
    ex:hasReligions ""Catholicism, Animism, Hinduism, Islam""@en ;
    ex:hasHistoricalEvent ex:SpanishColonization, ex:PhilippineRevolution, ex:PhilippineAmericanWar, ex:JapaneseInvasion, ex:Independence ;
    ex:hasEconomicStatus ""Emerging market, Newly industrialized country""@en ;
    ex:hasMembership ex:UnitedNations, ex:WorldTradeOrganization, ex:ASEAN, ex:AsiaPacificEconomicCooperation, ex:EastAsiaSummit ;
    ex:isLocatedOn ex:PacificRingOfFire, ex:Equator ;
    ex:hasNaturalResources ""Biodiversity""@en . 

ex:Luzon rdf:type ex:GeographicalDivision ;
    rdfs:label ""Luzon""@en .

ex:Visayas rdf:type ex:GeographicalDivision ;
    rdfs:label ""Visayas""@en .

ex:Mindanao rdf:type ex:GeographicalDivision ;
    rdfs:label ""Mindanao""@en .

ex:SouthChinaSea rdf:type ex:BodyOfWater ;
    rdfs:label ""South China Sea""@en .

ex:PhilippineSea rdf:type ex:BodyOfWater ;
    rdfs:label ""Philippine Sea""@en .

ex:CelebesSea rdf:type ex:BodyOfWater ;
    rdfs:label ""Celebes Sea""@en .

ex:Taiwan rdf:type ex:Country ;
    rdfs:label ""Taiwan""@en .

ex:Japan rdf:type ex:Country ;
    rdfs:label ""Japan""@en .

ex:Palau rdf:type ex:Country ;
    rdfs:label ""Palau""@en .

ex:Indonesia rdf:type ex:Country ;
    rdfs:label ""Indonesia""@en .

ex:Malaysia rdf:type ex:Country ;
    rdfs:label ""Malaysia""@en .

ex:Vietnam rdf:type ex:Country ;
    rdfs:label ""Vietnam""@en .

ex:China rdf:type ex:Country ;
    rdfs:label ""China""@en .

ex:Manila rdf:type ex:City ;
    rdfs:label ""Manila""@en .

ex:QuezonCity rdf:type ex:City ;
    rdfs:label ""Quezon City""@en .

ex:SpanishColonization rdf:type ex:HistoricalEvent ;
    rdfs:label ""Spanish colonization""@en .

ex:PhilippineRevolution rdf:type ex:HistoricalEvent ;
    rdfs:label ""Philippine Revolution""@en .

ex:PhilippineAmericanWar rdf:type ex:HistoricalEvent ;
    rdfs:label ""Philippine-American War""@en .

ex:JapaneseInvasion rdf:type ex:HistoricalEvent ;
    rdfs:label ""Japanese invasion of the Philippines""@en .

ex:Independence rdf:type ex:HistoricalEvent ;
    rdfs:label ""Independence of the Philippines""@en .

ex:UnitedNations rdf:type ex:Organization ;
    rdfs:label ""United Nations""@en .

ex:WorldTradeOrganization rdf:type ex:Organization ;
    rdfs:label ""World Trade Organization""@en .

ex:ASEAN rdf:type ex:Organization ;
    rdfs:label ""Association of Southeast Asian Nations""@en .

ex:AsiaPacificEconomicCooperation rdf:type ex:Organization ;
    rdfs:label ""Asia-Pacific Economic Cooperation""@en .

ex:EastAsiaSummit rdf:type ex:Organization ;
    rdfs:label ""East Asia Summit""@en .

ex:PacificRingOfFire rdf:type ex:GeographicFeature ;
    rdfs:label ""Pacific Ring of Fire""@en .

ex:Equator rdf:type ex:GeographicFeature ;
    rdfs:label ""Equator""@en .","@prefix ex: <http://example.com/> .
@prefix rdf: <http://www.w3.org/1999/02/22-rdf-syntax-ns#> .
@prefix rdfs: <http://www.w3.org/2000/01/rdf-schema#> .

ex:Philippines rdf:type ex:Country .
ex:Philippines rdfs:label ""Philippines"" .
ex:Philippines ex:officialName ""Republic of the Philippines"" .
ex:Philippines ex:location ""Southeast Asia"" .
ex:Philippines ex:consistsOf ""7,641 islands"" .
ex:Philippines ex:geographicalDivisions ""Luzon, Visayas, and Mindanao"" .
ex:Philippines ex:isBoundedBy ""South China Sea, Philippine Sea, and Celebes Sea"" .
ex:Philippines ex:sharesMaritimeBordersWith ""Taiwan, Japan, Palau, Indonesia, Malaysia, Vietnam, and China"" .
ex:Philippines ex:area ""300,000 km2"" .
ex:Philippines ex:population ""109 million people"" .
ex:Philippines ex:ethnicities ""diverse"" .
ex:Philippines ex:capital ""Manila"" .
ex:Philippines ex:largestCity ""Quezon City"" .
ex:Philippines ex:inhabitants ""Negritos, Austronesian peoples"" .
ex:Philippines ex:religion ""Catholicism"" .
ex:Philippines ex:colonizedBy ""Spain"" .
ex:Philippines ex:colonizationPeriod ""more than 300 years"" .
ex:Philippines ex:tradeHub ""Manila"" .
ex:Philippines ex:independenceYear ""1946"" .
ex:Philippines ex:economy ""emerging market and a newly industrialized country"" .
ex:Philippines ex:resources ""natural resources"" .
ex:Philippines ex:biodiversity ""globally significant level of biodiversity"" .
ex:Philippines ex:locationType ""island country on the Pacific Ring of Fire that is close to the equator"" .
ex:Philippines ex:naturalDisasters ""earthquakes and typhoons"" .
ex:Philippines ex:organizations [
    rdf:type ex:Organization ;
    ex:name ""United Nations"" ;
] , [
    rdf:type ex:Organization ;
    ex:name ""World Trade Organization"" ;
] , [
    rdf:type ex:Organization ;
    ex:name ""ASEAN"" ;
] , [
    rdf:type ex:Organization ;
    ex:name ""Asia-Pacific Economic Cooperation forum"" ;
] , [
    rdf:type ex:Organization ;
    ex:name ""East Asia Summit"" ;
] ."
4,Emma_Watson,"@prefix ex: <http://example.com/> .
@prefix rdf: <http://www.w3.org/1999/02/22-rdf-syntax-ns#> .
@prefix xsd: <http://www.w3.org/2001/XMLSchema#> .

ex:Emma_Watson rdf:type ex:Person ;
    ex:hasName ""Emma Charlotte Duerre Watson"" ;
    ex:hasBirthDate ""1990-04-15""^^xsd:date ;
    ex:hasOccupation ""Actress"" ;
    ex:hasOccupation ""Activist"" ;
    ex:hasAward ""Young Artist Award"" ;
    ex:hasAward ""MTV Movie Awards"" ;
    ex:hasRanking ""Forbes Highest-Paid Actresses"" ;
    ex:hasRanking ""Vanity Fair Highest-Paid Actresses"" ;
    ex:hasRanking ""Time 100 Most Influential People"" ;
    ex:attended ex:Dragon_School ;
    ex:trainedAt ex:Oxford_Stagecoach_Theatre_Arts ;
    ex:actedIn ex:Hermione_Granger_Film_Series ;
    ex:actedIn ex:Ballet_Shoes_TV_Adaptation ;
    ex:voicedIn ex:The_Tale_of_Despereaux ;
    ex:actedIn ex:My_Week_with_Marilyn ;
    ex:actedIn ex:The_Perks_of_Being_a_Wallflower ;
    ex:actedIn ex:The_Bling_Ring ;
    ex:actedIn ex:Noah ;
    ex:actedIn ex:Beauty_and_the_Beast ;
    ex:actedIn ex:Little_Women ;
    ex:graduatedFrom ex:Brown_University ;
    ex:hasDegree ""Bachelor's Degree in English Literature"" ;
    ex:appointedAs ex:UN_Women_Goodwill_Ambassador ;
    ex:helpedLaunch ex:HeForShe_Campaign ;
    ex:helpedLaunch ex:Time's_Up_UK ;
    ex:appointedTo ex:G7_Advisory_Body ;
    ex:consultsWith ex:Foreign_Policy_Leaders ;
    ex:modelledFor ex:Burberry ;
    ex:modelledFor ex:Lancôme ;
    ex:lentNameTo ex:People_Tree_Clothing_Line ;
    ex:joined ex:Kering_Board_of_Directors . 

ex:Dragon_School rdf:type ex:School ;
    ex:isLocatedIn ""Oxford"" ;
    ex:isLocatedIn ""England"" .

ex:Oxford_Stagecoach_Theatre_Arts rdf:type ex:TrainingInstitute ;
    ex:isLocatedIn ""Oxford"" ;
    ex:isLocatedIn ""England"" .

ex:Hermione_Granger_Film_Series rdf:type ex:FilmSeries ;
    ex:isPartOf ex:Harry_Potter_Film_Series .

ex:Harry_Potter_Film_Series rdf:type ex:FilmSeries .

ex:Ballet_Shoes_TV_Adaptation rdf:type ex:TVSeries .

ex:The_Tale_of_Despereaux rdf:type ex:Film .

ex:My_Week_with_Marilyn rdf:type ex:Film .

ex:The_Perks_of_Being_a_Wallflower rdf:type ex:Film .

ex:The_Bling_Ring rdf:type ex:Film .

ex:Noah rdf:type ex:Film .

ex:Beauty_and_the_Beast rdf:type ex:Film .

ex:Little_Women rdf:type ex:Film .

ex:Brown_University rdf:type ex:University ;
    ex:isLocatedIn ""Providence"" ;
    ex:isLocatedIn ""Rhode Island"" .

ex:UN_Women_Goodwill_Ambassador rdf:type ex:Position .

ex:HeForShe_Campaign rdf:type ex:Campaign .

ex:Time's_Up_UK rdf:type ex:Organization .

ex:G7_Advisory_Body rdf:type ex:AdvisoryBody ;
    ex:isPartOf ex:G7 .

ex:G7 rdf:type ex:Organization .

ex:Foreign_Policy_Leaders rdf:type ex:LeadershipGroup .

ex:Burberry rdf:type ex:Brand .

ex:Lancôme rdf:type ex:Brand .

ex:People_Tree_Clothing_Line rdf:type ex:ClothingLine .

ex:Kering_Board_of_Directors rdf:type ex:BoardOfDirectors ;
    ex:isPartOf ex:Kering .

ex:Kering rdf:type ex:BrandGroup .","@prefix ex: <http://example.com/> .

ex:Emma_Watson ex:hasName ""Emma Charlotte Duerre Watson"" .
ex:Emma_Watson ex:hasBirthDate ""1990-04-15""^^xsd:date .
ex:Emma_Watson ex:hasNationality ""English"" .
ex:Emma_Watson ex:hasOccupation ""Actress"" .
ex:Emma_Watson ex:hasOccupation ""Activist"" .
ex:Emma_Watson ex:hasReceivedAward ""Young Artist Award"" .
ex:Emma_Watson ex:hasReceivedAward ""MTV Movie Awards"" .
ex:Emma_Watson ex:hasRanking ""Forbes highest-paid actresses"" .
ex:Emma_Watson ex:hasRanking ""Vanity Fair highest-paid actresses"" .
ex:Emma_Watson ex:hasRanking ""Time magazine's 100 most influential people in the world"" .
ex:Emma_Watson ex:hasEducation ""Dragon School"" .
ex:Emma_Watson ex:hasEducation ""Oxford branch of Stagecoach Theatre Arts"" .
ex:Emma_Watson ex:hasRole ""Hermione Granger"" .
ex:Emma_Watson ex:hasRole ""Sam"" .
ex:Emma_Watson ex:hasRole ""Alexis Neiers"" .
ex:Emma_Watson ex:hasRole ""Adoptive daughter"" .
ex:Emma_Watson ex:hasMovie ""Harry Potter film series"" .
ex:Emma_Watson ex:hasMovie ""Ballet Shoes"" .
ex:Emma_Watson ex:hasMovie ""The Tale of Despereaux"" .
ex:Emma_Watson ex:hasMovie ""My Week with Marilyn"" .
ex:Emma_Watson ex:hasMovie ""The Perks of Being a Wallflower"" .
ex:Emma_Watson ex:hasMovie ""The Bling Ring"" .
ex:Emma_Watson ex:hasMovie ""Noah"" .
ex:Emma_Watson ex:hasMovie ""Beauty and the Beast"" .
ex:Emma_Watson ex:hasMovie ""Little Women"" .
ex:Emma_Watson ex:hasDegree ""Bachelor's degree in English literature"" .
ex:Emma_Watson ex:hasOrganization ""Brown University"" .
ex:Emma_Watson ex:hasCampaign ""HeForShe"" .
ex:Emma_Watson ex:hasCampaign ""Time's Up UK"" .
ex:Emma_Watson ex:hasCampaign ""UN Women"" .
ex:Emma_Watson ex:hasBoardMembership ""Kering"" .
ex:Emma_Watson ex:hasInterest ""Women's rights"" .
ex:Emma_Watson ex:hasInterest ""Sustainable fashion"" ."
5,Leonardo_DiCaprio,"@prefix ex: <http://example.com/> .
@prefix rdf: <http://www.w3.org/1999/02/22-rdf-syntax-ns#> .
@prefix xsd: <http://www.w3.org/2001/XMLSchema#> .
@prefix foaf: <http://xmlns.com/foaf/0.1/> .
@prefix dbp: <http://dbpedia.org/property/> .
@prefix dbo: <http://dbpedia.org/ontology/> .
@prefix rdfs: <http://www.w3.org/2000/01/rdf-schema#> .

ex:Leonardo_DiCaprio rdf:type foaf:Person ;
    foaf:name ""Leonardo Wilhelm DiCaprio"" ;
    dbp:birthDate ""1974-11-11""^^xsd:date ;
    dbp:birthPlace ""Los Angeles"" ;
    dbp:occupation ""Actor, film producer"" ;
    foaf:isPrimaryTopicOf ex:Leonardo_DiCaprio ;
    foaf:made ex:Appian_Way_Productions ;
    foaf:made ex:Greensburg ;
    foaf:made ex:Leonardo_DiCaprio_Foundation ;
    foaf:depiction ex:Leonardo_DiCaprio.jpg .

ex:Leonardo_DiCaprio dbo:hasOccupation dbp:occupation .

ex:Leonardo_DiCaprio dbp:networth ""7.2 billion""^^xsd:decimal .

ex:Leonardo_DiCaprio dbp:hasAcademicAdvisor ex:Martin_Scorsese .

ex:Leonardo_DiCaprio dbo:award ex:Academy_Award ;
    dbo:award ex:BAFTA_Award ;
    dbo:award ex:Golden_Globe_Award ;
    dbo:hasReceivedAward ex:Academy_Award ;
    dbo:hasReceivedAward ex:BAFTA_Award ;
    dbo:hasReceivedAward ex:Golden_Globe_Award .

ex:Leonardo_DiCaprio dbp:hasCollaboratedWith ex:Martin_Scorsese .

ex:Leonardo_DiCaprio dbp:hasCriticalAcclaim ex:What's_Eating_Gilbert_Grape ;
    dbp:hasCriticalAcclaim ex:The_Revenant ;
    dbp:hasCriticalAcclaim ex:The_Departed ;
    dbp:hasCriticalAcclaim ex:Blood_Diamond ;
    dbp:hasCriticalAcclaim ex:Revolutionary_Road .

ex:Leonardo_DiCaprio dbp:hasFilm ex:This_Boy's_Life ;
    dbp:hasFilm ex:Romeo_+_Juliet ;
    dbp:hasFilm ex:Titanic ;
    dbp:hasFilm ex:Catch_Me_If_You_Can ;
    dbp:hasFilm ex:Gangs_of_New_York ;
    dbp:hasFilm ex:The_Aviator ;
    dbp:hasFilm ex:Django_Unchained ;
    dbp:hasFilm ex:The_Great_Gatsby ;
    dbp:hasFilm ex:The_Wolf_of_Wall_Street ;
    dbp:hasFilm ex:Once_Upon_a_Time_in_Hollywood .

ex:Appian_Way_Productions rdf:type foaf:Organization ;
    foaf:name ""Appian Way Productions"" ;
    foaf:homepage <http://appianway.biz> .

ex:Greensburg rdf:type foaf:Documentary ;
    foaf:name ""Greensburg"" ;
    foaf:homepage <http://www.greensburgproject.com> .

ex:Leonardo_DiCaprio_Foundation rdf:type foaf:Organization ;
    foaf:name ""Leonardo DiCaprio Foundation"" ;
    foaf:homepage <http://leonardodicaprio.org> .

ex:Academy_Award rdf:type dbo:Award ;
    rdfs:label ""Academy Award"" .

ex:BAFTA_Award rdf:type dbo:Award ;
    rdfs:label ""BAFTA Award"" .

ex:Golden_Globe_Award rdf:type dbo:Award ;
    rdfs:label ""Golden Globe Award"" .

ex:Martin_Scorsese rdf:type foaf:Person ;
    foaf:name ""Martin Scorsese"" . 

ex:What's_Eating_Gilbert_Grape rdf:type dbo:Film ;
    rdfs:label ""What's Eating Gilbert Grape"" .

ex:The_Revenant rdf:type dbo:Film ;
    rdfs:label ""The Revenant"" .

ex:The_Departed rdf:type dbo:Film ;
    rdfs:label ""The Departed"" .

ex:Blood_Diamond rdf:type dbo:Film ;
    rdfs:label ""Blood Diamond"" .

ex:Revolutionary_Road rdf:type dbo:Film ;
    rdfs:label ""Revolutionary Road"" .

ex:This_Boy's_Life rdf:type dbo:Film ;
    rdfs:label ""This Boy's Life"" .

ex:Romeo_+_Juliet rdf:type dbo:Film ;
    rdfs:label ""Romeo + Juliet"" .

ex:Titanic rdf:type dbo:Film ;
    rdfs:label ""Titanic"" .

ex:Catch_Me_If_You_Can rdf:type dbo:Film ;
    rdfs:label ""Catch Me If You Can"" .

ex:Gangs_of_New_York rdf:type dbo:Film ;
    rdfs:label ""Gangs of New York"" .

ex:The_Aviator rdf:type dbo:Film ;
    rdfs:label ""The Aviator"" .

ex:Django_Unchained rdf:type dbo:Film ;
    rdfs:label ""Django Unchained"" .

ex:The_Great_Gatsby rdf:type dbo:Film ;
    rdfs:label ""The Great Gatsby"" .

ex:The_Wolf_of_Wall_Street rdf:type dbo:Film ;
    rdfs:label ""The Wolf of Wall Street"" .

ex:Once_Upon_a_Time_in_Hollywood rdf:type dbo:Film ;
    rdfs:label ""Once Upon a Time in Hollywood"" .","@prefix ex: <http://example.com/> .
@prefix rdf: <http://www.w3.org/1999/02/22-rdf-syntax-ns#> .
@prefix xsd: <http://www.w3.org/2001/XMLSchema#> .

ex:Leonardo_DiCaprio rdf:type ex:Person ;
    ex:hasName ""Leonardo Wilhelm DiCaprio"" ;
    ex:hasBirthDate ""1974-11-11""^^xsd:date ;
    ex:hasNationality ""American"" ;
    ex:hasOccupation ex:Actor, ex:FilmProducer ;
    ex:hasGrossEarnings ""$7.2 billion"" ;
    ex:hasRanking ""eight times in annual rankings of the world's highest-paid actors"" ;
    ex:hasProductionCompany ex:Appian_Way_Productions ;
    ex:hasFoundation ex:Leonardo_DiCaprio_Foundation ;
    ex:hasAward ex:Academy_Award, ex:British_Academy_Film_Award, ex:Golden_Globe_Award ;
    ex:hasCommanderTitle ""Commander of the Ordre des Arts et des Lettres"" ;
    ex:hasInfluence ""Time magazine's 100 most influential people in the world"" ;
    ex:hasWork ex:This_Boys_Life, ex:Whats_Eating_Gilbert_Grape, ex:Romeo_and_Juliet, ex:Titanic, ex:Catch_Me_If_You_Can, ex:Gangs_of_New_York, ex:The_Aviator, ex:Blood_Diamond, ex:The_Departed, ex:Revolutionary_Road, ex:Inception, ex:Django_Unchained, ex:The_Great_Gatsby, ex:The_Wolf_of_Wall_Street, ex:The_Revenant, ex:Once_Upon_a_Time_in_Hollywood ;
    ex:supports ex:Charitable_Causes, ex:Environmental_Awareness ;
    ex:servesAs ex:UN_Messenger_of_Peace .

ex:This_Boys_Life rdf:type ex:Film ;
    ex:hasTitle ""This Boy's Life"" ;
    ex:hasYear ""1993""^^xsd:gYear ;
    ex:hasActor ex:Leonardo_DiCaprio ;
    ex:hasCharacter ""Tobias Wolff"" .

ex:Whats_Eating_Gilbert_Grape rdf:type ex:Film ;
    ex:hasTitle ""What's Eating Gilbert Grape"" ;
    ex:hasYear ""1993""^^xsd:gYear ;
    ex:hasActor ex:Leonardo_DiCaprio ;
    ex:hasCharacter ""Arnie Grape"" .

ex:Romeo_and_Juliet rdf:type ex:Film ;
    ex:hasTitle ""Romeo + Juliet"" ;
    ex:hasYear ""1996""^^xsd:gYear ;
    ex:hasActor ex:Leonardo_DiCaprio ;
    ex:hasCharacter ""Romeo Montague"" .

ex:Titanic rdf:type ex:Film ;
    ex:hasTitle ""Titanic"" ;
    ex:hasYear ""1997""^^xsd:gYear ;
    ex:hasActor ex:Leonardo_DiCaprio ;
    ex:hasCharacter ""Jack Dawson"" .

ex:Catch_Me_If_You_Can rdf:type ex:Film ;
    ex:hasTitle ""Catch Me If You Can"" ;
    ex:hasYear ""2002""^^xsd:gYear ;
    ex:hasActor ex:Leonardo_DiCaprio ;
    ex:hasCharacter ""Frank Abagnale Jr."" .

ex:Gangs_of_New_York rdf:type ex:Film ;
    ex:hasTitle ""Gangs of New York"" ;
    ex:hasYear ""2002""^^xsd:gYear ;
    ex:hasActor ex:Leonardo_DiCaprio ;
    ex:hasCharacter ""Amsterdam Vallon"" .

ex:The_Aviator rdf:type ex:Film ;
    ex:hasTitle ""The Aviator"" ;
    ex:hasYear ""2004""^^xsd:gYear ;
    ex:hasActor ex:Leonardo_DiCaprio ;
    ex:hasCharacter ""Howard Hughes"" .

ex:Blood_Diamond rdf:type ex:Film ;
    ex:hasTitle ""Blood Diamond"" ;
    ex:hasYear ""2006""^^xsd:gYear ;
    ex:hasActor ex:Leonardo_DiCaprio ;
    ex:hasCharacter ""Danny Archer"" .

ex:The_Departed rdf:type ex:Film ;
    ex:hasTitle ""The Departed"" ;
    ex:hasYear ""2006""^^xsd:gYear ;
    ex:hasActor ex:Leonardo_DiCaprio ;
    ex:hasCharacter ""Billy Costigan"" .

ex:Revolutionary_Road rdf:type ex:Film ;
    ex:hasTitle ""Revolutionary Road"" ;
    ex:hasYear ""2008""^^xsd:gYear ;
    ex:hasActor ex:Leonardo_DiCaprio ;
    ex:hasCharacter ""Frank Wheeler"" .

ex:Inception rdf:type ex:Film ;
    ex:hasTitle ""Inception"" ;
    ex:hasYear ""2010""^^xsd:gYear ;
    ex:hasActor ex:Leonardo_DiCaprio ;
    ex:hasCharacter ""Dominick Cobb"" .

ex:Django_Unchained rdf:type ex:Film ;
    ex:hasTitle ""Django Unchained"" ;
    ex:hasYear ""2012""^^xsd:gYear ;
    ex:hasActor ex:Leonardo_DiCaprio ;
    ex:hasCharacter ""Calvin J. Candie"" .

ex:The_Great_Gatsby rdf:type ex:Film ;
    ex:hasTitle ""The Great Gatsby"" ;
    ex:hasYear ""2013""^^xsd:gYear ;
    ex:hasActor ex:Leonardo_DiCaprio ;
    ex:hasCharacter ""Jay Gatsby"" .

ex:The_Wolf_of_Wall_Street rdf:type ex:Film ;
    ex:hasTitle ""The Wolf of Wall Street"" ;
    ex:hasYear ""2013""^^xsd:gYear ;
    ex:hasActor ex:Leonardo_DiCaprio ;
    ex:hasCharacter ""Jordan Belfort"" .

ex:The_Revenant rdf:type ex:Film ;
    ex:hasTitle ""The Revenant"" ;
    ex:hasYear ""2015""^^xsd:gYear ;
    ex:hasActor ex:Leonardo_DiCaprio ;
    ex:hasCharacter ""Hugh Glass"" .

ex:Once_Upon_a_Time_in_Hollywood rdf:type ex:Film ;
    ex:hasTitle ""Once Upon a Time in Hollywood"" ;
    ex:hasYear ""2019""^^xsd:gYear ;
    ex:hasActor ex:Leonardo_DiCaprio ;
    ex:hasCharacter ""Rick Dalton"" .

ex:Appian_Way_Productions rdf:type ex:ProductionCompany ;
    ex:hasFounder ex:Leonardo_DiCaprio .

ex:Leonardo_DiCaprio_Foundation rdf:type ex:NonProfitOrganization ;
    ex:hasFounder ex:Leonardo_DiCaprio .

ex:Academy_Award rdf:type ex:Award ;
    ex:hasName ""Academy Award"" .

ex:British_Academy_Film_Award rdf:type ex:Award ;
    ex:hasName ""British Academy Film Award"" .

ex:Golden_Globe_Award rdf:type ex:Award ;
    ex:hasName ""Golden Globe Award"" .

ex:Charitable_Causes rdf:type ex:CharitableCause ;
    ex:hasName ""Charitable Causes"" .

ex:Environmental_Awareness rdf:type ex:EnvironmentalCause ;
    ex:hasName ""Environmental Awareness"" .

ex:UN_Messenger_of_Peace rdf:type ex:UNMessenger ;
    ex:hasName ""United Nations Messenger of Peace"" ."
6,Chris_Evans_(actor),"```
@prefix ex: <http://example.com/> .

ex:Chris_Evans_(actor) a ex:Actor ;
    ex:hasName ""Christopher Robert Evans"" ;
    ex:hasBirthDate ""1981-06-13""^^xsd:date ;
    ex:hasCareer ex:Opposite_Sex ;
    ex:hasCareer ex:Not_Another_Teen_Movie ;
    ex:hasCareer ex:Fantastic_Four ;
    ex:hasCareer ex:Fantastic_Four_Rise_of_the_Silver_Surfer ;
    ex:hasCareer ex:TMNT ;
    ex:hasCareer ex:Scott_Pilgrim_vs_the_World ;
    ex:hasCareer ex:Snowpiercer ;
    ex:hasCareer ex:Captain_America_The_First_Avenger ;
    ex:hasCareer ex:Avengers_Endgame ;
    ex:hasCareer ex:Gifted ;
    ex:hasCareer ex:Knives_Out ;
    ex:hasCareer ex:Defending_Jacob ;
    ex:hasCareer ex:Before_We_Go ;
    ex:hasCareer ex:Lobby_Hero ;
    ex:hasRole ex:Human_Torch ;
    ex:hasRole ex:Steve_Rogers_Captain_America ;
    ex:hasAward ""Drama League Award nomination"" ;
    ex:hasOccupation ex:Actor ;
    ex:hasOccupation ex:Director ;
    ex:hasOccupation ex:Producer ;
    ex:hasOccupation ex:Broadway_Actor .

ex:Opposite_Sex a ex:Television_Series ;
    ex:hasName ""Opposite Sex"" ;
    ex:hasYear ""2000""^^xsd:gYear .

ex:Not_Another_Teen_Movie a ex:Film ;
    ex:hasName ""Not Another Teen Movie"" ;
    ex:hasYear ""2001""^^xsd:gYear .

ex:Fantastic_Four a ex:Film ;
    ex:hasName ""Fantastic Four"" ;
    ex:hasYear ""2005""^^xsd:gYear .

ex:Fantastic_Four_Rise_of_the_Silver_Surfer a ex:Film ;
    ex:hasName ""Fantastic Four: Rise of the Silver Surfer"" ;
    ex:hasYear ""2007""^^xsd:gYear .

ex:TMNT a ex:Film ;
    ex:hasName ""TMNT"" ;
    ex:hasYear ""2007""^^xsd:gYear .

ex:Scott_Pilgrim_vs_the_World a ex:Film ;
    ex:hasName ""Scott Pilgrim vs. the World"" ;
    ex:hasYear ""2010""^^xsd:gYear .

ex:Snowpiercer a ex:Film ;
    ex:hasName ""Snowpiercer"" ;
    ex:hasYear ""2013""^^xsd:gYear .

ex:Captain_America_The_First_Avenger a ex:Film ;
    ex:hasName ""Captain America: The First Avenger"" ;
    ex:hasYear ""2011""^^xsd:gYear .

ex:Avengers_Endgame a ex:Film ;
    ex:hasName ""Avengers: Endgame"" ;
    ex:hasYear ""2019""^^xsd:gYear .

ex:Gifted a ex:Film ;
    ex:hasName ""Gifted"" ;
    ex:hasYear ""2017""^^xsd:gYear .

ex:Knives_Out a ex:Film ;
    ex:hasName ""Knives Out"" ;
    ex:hasYear ""2019""^^xsd:gYear .

ex:Defending_Jacob a ex:Television_Miniseries ;
    ex:hasName ""Defending Jacob"" ;
    ex:hasYear ""2020""^^xsd:gYear .

ex:Before_We_Go a ex:Film ;
    ex:hasName ""Before We Go"" ;
    ex:hasYear ""2014""^^xsd:gYear .

ex:Lobby_Hero a ex:Play ;
    ex:hasName ""Lobby Hero"" ;
    ex:hasYear ""2018""^^xsd:gYear ;
    ex:hasWriter ""Kenneth Lonergan"" .
```","@prefix ex: <http://example.com/> .

ex:Chris_Evans_(actor) a ex:Actor ;
    ex:name ""Christopher Robert Evans"" ;
    ex:birthDate ""1981-06-13""^^xsd:date ;
    ex:hasCareer ex:Opposite_Sex ;
    ex:hasCareer ex:Not_Another_Teen_Movie ;
    ex:hasCareer ex:Fantastic_Four ;
    ex:hasCareer ex:Fantastic_Four_Rise_of_the_Silver_Surfer ;
    ex:hasCareer ex:TMNT ;
    ex:hasCareer ex:Scott_Pilgrim_vs_the_World ;
    ex:hasCareer ex:Snowpiercer ;
    ex:hasCareer ex:Captain_America_The_First_Avenger ;
    ex:hasCareer ex:Avengers_Endgame ;
    ex:hasCareer ex:Gifted ;
    ex:hasCareer ex:Knives_Out ;
    ex:hasCareer ex:Defending_Jacob ;
    ex:hasCareer ex:Lobby_Hero ;
    ex:hasDirected ex:Before_We_Go ;
    ex:hasAward ex:Drama_League_Award . 

ex:Opposite_Sex a ex:TV_Series .
ex:Not_Another_Teen_Movie a ex:Film .
ex:Fantastic_Four a ex:Film ;
    ex:hasCharacter ex:Human_Torch .
ex:Fantastic_Four_Rise_of_the_Silver_Surfer a ex:Film ;
    ex:hasCharacter ex:Human_Torch .
ex:TMNT a ex:Film .
ex:Scott_Pilgrim_vs_the_World a ex:Film .
ex:Snowpiercer a ex:Film .
ex:Captain_America_The_First_Avenger a ex:Film ;
    ex:hasCharacter ex:Steve_Rogers .
ex:Avengers_Endgame a ex:Film ;
    ex:hasCharacter ex:Steve_Rogers .
ex:Gifted a ex:Film .
ex:Knives_Out a ex:Film .
ex:Defending_Jacob a ex:TV_Miniseries .
ex:Lobby_Hero a ex:Play . 

ex:Human_Torch a ex:Comic_Book_Character .
ex:Steve_Rogers a ex:Comic_Book_Character ."
7,Serena_Williams,"@prefix ex: <http://example.com/> .
@prefix rdf: <http://www.w3.org/1999/02/22-rdf-syntax-ns#> .
@prefix xsd: <http://www.w3.org/2001/XMLSchema#> .

ex:Serena_Williams rdf:type ex:TennisPlayer ;
    ex:hasName ""Serena Jameka Williams"" ;
    ex:hasBirthDate ""1981-09-26""^^xsd:date ;
    ex:hasNationality ""American"" ;
    ex:hasCareerLength ""1995-2022""^^xsd:gYear ;
    ex:hasSinglesRanking ""1"" ;
    ex:hasSinglesRankingWeeks ""319"" ;
    ex:hasSinglesRankingConsecutiveWeeks ""186"" ;
    ex:hasYearEndSinglesRanking ""1"" ;
    ex:hasYearEndSinglesRankingTimes ""5"" ;
    ex:hasSinglesTitles ""23"" ;
    ex:hasSinglesTitlesOpenEra ""23"" ;
    ex:hasSinglesTitlesAllTime ""23"" ;
    ex:hasDoublesTitles ""14"" ;
    ex:hasMixedDoublesTitles ""2"" ;
    ex:hasTotalMajorTitles ""39"" ;
    ex:hasSinglesMajorTitles ""23"" ;
    ex:hasDoublesMajorTitles ""14"" ;
    ex:hasMixedDoublesMajorTitles ""2"" ;
    ex:hasSurfaceSlam ""true"" ;
    ex:hasGoldenSlam ""true"" ;
    ex:hasCareerGrandSlam ""true"" ;
    ex:hasRetiredStatus ""inactive"" ;
    ex:hasRetirementDate ""2022-08""^^xsd:gYearMonth ;
    ex:hasHighestPaidAthleteStatus ""true"" ;
    ex:hasHighestPaidAthleteYear ""2016""^^xsd:gYear ;
    ex:hasHighestPaidAthleteEarnings ""29000000""^^xsd:integer ;
    ex:hasSportswomanOfTheYearStatus ""true"" ;
    ex:hasSportswomanOfTheYearYears ""2003, 2010, 2016, 2018"" ;
    ex:hasSportspersonOfTheYearStatus ""true"" ;
    ex:hasSportspersonOfTheYearYear ""2015""^^xsd:gYear ;
    ex:hasUnbeatenGrandSlamDoublesFinalsRecord ""true"" ;
    ex:hasJointRecordWithVenus ""true"" ;
    ex:hasUnbeatenGrandSlamDoublesFinals ""2009-2010""^^xsd:gYear ;
    ex:hasOlympicGoldMedals ""4"" ;
    ex:hasOlympicGoldMedalsWomenDoubles ""3"" ;
    ex:hasOlympicGoldMedalsMixedDoubles ""1"" ;
    ex:hasNewEraOfPowerAndAthleticism ""true"" ;
    ex:hasMostRecentSurfaceSlam ""2015""^^xsd:gYear ;
    ex:hasMostRecentSinglesTitlesInARow ""4"" ;
    ex:hasMostRecentSinglesTitlesInARowYears ""2014-2015""^^xsd:gYear ;
    ex:hasMostRecentDoublesTitlesInARow ""4"" ;
    ex:hasMostRecentDoublesTitlesInARowYears ""2009-2010""^^xsd:gYear ;
    ex:hasAllTimeMajorTitlesRanking ""3"" ;
    ex:hasOpenEraMajorTitlesRanking ""2"" ;
    ex:hasAllTimeMajorTitles ""24"" ;
    ex:hasOpenEraMajorTitles ""23"" ;
    ex:hasCoach ""Oracene Price, Richard Williams"" .

ex:TennisPlayer rdf:type rdfs:Class ;
    rdfs:subClassOf ex:Person .

ex:Person rdf:type rdfs:Class .","@prefix ex: <http://example.com/> .

ex:Serena_Williams a ex:TennisPlayer ;
    ex:hasName ""Serena Jameka Williams"" ;
    ex:birthDate ""1981-09-26""^^xsd:date ;
    ex:hasNationality ""American"" ;
    ex:hasRanking ""1""^^xsd:int ;
    ex:hasRankingType ""singles"" ;
    ex:hasRankingOrganization ""Women's Tennis Association (WTA)"" ;
    ex:hasRankingDuration ""319""^^xsd:int ;
    ex:hasRankingConsecutiveWeeks ""186""^^xsd:int ;
    ex:hasYearEndRanking ""1""^^xsd:int ;
    ex:hasYearEndRankingTimes ""5""^^xsd:int ;
    ex:hasGrandSlamSinglesTitles ""23""^^xsd:int ;
    ex:hasGrandSlamSinglesTitlesMost ""Open Era"" ;
    ex:hasGrandSlamSinglesTitlesSecondMost ""all time"" ;
    ex:hasCoach ""Oracene Price"" ;
    ex:hasCoach ""Richard Williams"" ;
    ex:hasDebutYear ""1995""^^xsd:int ;
    ex:hasFirstMajorSinglesTitle ""1999 US Open"" ;
    ex:hasDominantPeriod ""2002 French Open to 2003 Australian Open"" ;
    ex:hasNonCalendarYearGrandSlam ""Serena Slam"" ;
    ex:hasCareerGrandSlam ""Serena Slam"" ;
    ex:hasSinglesMajors ""25""^^xsd:int ;
    ex:hasSinglesMajorsPeriod ""2002-2017"" ;
    ex:hasSinglesMajorsPeriodWins ""8""^^xsd:int ;
    ex:hasSinglesMajorsPeriodWinsAllFour ""2014-2015"" ;
    ex:hasRetakenRanking ""2007""^^xsd:int ;
    ex:hasCareerGoldenSlam ""singles and doubles"" ;
    ex:hasLastMajorSinglesTitle ""2017 Australian Open"" ;
    ex:hasRetirementYear ""2022""^^xsd:int ;
    ex:hasRetirementReason ""evolution away from professional tennis"" ;
    ex:hasFinalMatch ""2022 US Open"" ;
    ex:hasMajorDoublesTitles ""14""^^xsd:int ;
    ex:hasUnbeatenGrandSlamDoublesFinals ""yes"" ;
    ex:hasGrandSlamDoublesTitlePeriod ""2009 Wimbledon Championships to 2010 French Open"" ;
    ex:hasDoublesRanking ""1""^^xsd:int ;
    ex:hasDoublesRankingType ""women's doubles"" ;
    ex:hasOlympicGoldMedals ""4""^^xsd:int ;
    ex:hasOlympicGoldMedalsType ""women's doubles"" ;
    ex:hasOlympicGoldMedalsRecord ""all-time joint record shared with her sister"" ;
    ex:hasMixedDoublesTitles ""2""^^xsd:int ;
    ex:hasArrivalImpact ""ushering in a new era of power and athleticism on the women's professional tennis tour"" ;
    ex:hasCombinedMajorTitles ""39""^^xsd:int ;
    ex:hasCombinedMajorTitlesType ""singles, doubles, and mixed doubles"" ;
    ex:hasCombinedMajorTitlesPeriod ""current"" ;
    ex:hasCombinedMajorTitlesThirdMost ""all-time list"" ;
    ex:hasCombinedMajorTitlesSecondMost ""Open Era"" ;
    ex:hasSimultaneousMajorSinglesTitles ""2002-2003 and 2014-2015"" ;
    ex:hasSurfaceSlam ""2015"" ;
    ex:hasHighestPaidAthleteYear ""2016""^^xsd:int ;
    ex:hasHighestPaidAthleteEarnings ""$29 million"" ;
    ex:hasOnlyWomanOnForbesList ""2017"" ;
    ex:hasSportswomanOfTheYear ""4""^^xsd:int ;
    ex:hasSportspersonOfTheYear ""2015"" ."
8,Joe_Biden,"@prefix ex: <http://example.com/> .
@prefix xsd: <http://www.w3.org/2001/XMLSchema#> .

ex:Joe_Biden a ex:Person ;
    ex:hasName ""Joseph Robinette Biden Jr."" ;
    ex:hasBirthDate ""1942-11-20""^^xsd:date ;
    ex:isPolitician true ;
    ex:isPresidentOf ex:United_States ;
    ex:isMemberOf ex:Democratic_Party ;
    ex:hasVicePresident ex:Kamala_Harris ;
    ex:hasOccupation ex:Politician ;
    ex:hasEducation ex:Syracuse_University ;
    ex:hasResidence ex:Delaware ;
    ex:hasCareer ex:New_Castle_County_Council ;
    ex:hasCareer ex:United_States_Senate ;
    ex:hasCommittee ex:Senate_Foreign_Relations_Committee ;
    ex:hasCommittee ex:Senate_Judiciary_Committee ;
    ex:hasLegislation ex:Violent_Crime_Control_and_Law_Enforcement_Act ;
    ex:hasLegislation ex:Violence_Against_Women_Act ;
    ex:hasConfirmationHearing ex:Robert_Bork ;
    ex:hasConfirmationHearing ex:Clarence_Thomas ;
    ex:hasPresidentialCampaign ex:1988 ;
    ex:hasPresidentialCampaign ex:2008 ;
    ex:hasSigned ex:American_Rescue_Plan_Act ;
    ex:hasProposed ex:American_Jobs_Plan ;
    ex:hasProposed ex:American_Families_Plan ;
    ex:hasAppointed ex:Ketanji_Brown_Jackson ;
    ex:hasRespondedTo ex:2022_Russian_invasion_of_Ukraine ;
    ex:hasRestored ex:Paris_Agreement ;
    ex:hasWithdrawnFrom ex:Afghanistan ;
    ex:hasSanctioned ex:Russia ;
    ex:hasForeignAidTo ex:Ukraine . 

ex:United_States a ex:Country .

ex:Democratic_Party a ex:PoliticalParty .

ex:Kamala_Harris a ex:Person ;
    ex:hasName ""Kamala Harris"" .

ex:Politician a ex:Occupation .

ex:Syracuse_University a ex:University .

ex:Delaware a ex:State .

ex:New_Castle_County_Council a ex:PoliticalOrganization .

ex:United_States_Senate a ex:PoliticalOrganization .

ex:Senate_Foreign_Relations_Committee a ex:PoliticalOrganization .

ex:Senate_Judiciary_Committee a ex:PoliticalOrganization .

ex:Violent_Crime_Control_and_Law_Enforcement_Act a ex:Legislation .

ex:Violence_Against_Women_Act a ex:Legislation .

ex:Robert_Bork a ex:Person .

ex:Clarence_Thomas a ex:Person .

ex:1988 a ex:PresidentialCampaign .

ex:2008 a ex:PresidentialCampaign .

ex:American_Rescue_Plan_Act a ex:Legislation .

ex:American_Jobs_Plan a ex:Legislation .

ex:American_Families_Plan a ex:Legislation .

ex:Ketanji_Brown_Jackson a ex:Person .

ex:2022_Russian_invasion_of_Ukraine a ex:Event .

ex:Paris_Agreement a ex:InternationalAgreement .

ex:Afghanistan a ex:Country .

ex:Russia a ex:Country .

ex:Ukraine a ex:Country .","@prefix ex: <http://example.com/> .
@prefix xsd: <http://www.w3.org/2001/XMLSchema#> .

ex:Joe_Biden a ex:Person ;
    ex:hasName ""Joe Biden""^^xsd:string ;
    ex:hasBirthDate ""1942-11-20""^^xsd:date ;
    ex:isPresidentOf ex:United_States ;
    ex:isMemberOf ex:Democratic_Party ;
    ex:hasVicePresident ex:Kamala_Harris ;
    ex:hasOccupation ex:Politician ;
    ex:hasEducation ex:University_of_Delaware, ex:Syracuse_University ;
    ex:hasCareer ex:New_Castle_County_Council, ex:United_States_Senate ;
    ex:hasCommittee ex:Senate_Foreign_Relations_Committee, ex:Senate_Judiciary_Committee ;
    ex:hasLegislation ex:Violent_Crime_Control_and_Law_Enforcement_Act, ex:Violence_Against_Women_Act ;
    ex:hasSupremeCourtConfirmationHearing ex:Robert_Bork, ex:Clarence_Thomas ;
    ex:hasForeignPolicy ex:Paris_Agreement, ex:Russian_Invasion_of_Ukraine ;
    ex:hasSigned ex:American_Rescue_Plan_Act ;
    ex:hasProposed ex:American_Jobs_Plan, ex:American_Families_Plan, ex:Build_Back_Better_Act, ex:Inflation_Reduction_Act_of_2022 ;
    ex:hasAppointed ex:Ketanji_Brown_Jackson ;
    ex:hasWithdrawn ex:US_troops_from_Afghanistan ;
    ex:hasRespondedTo ex:Russian_Invasion_of_Ukraine ;
    ex:hasSanctioned ex:Russia ;
    ex:hasAuthorized ex:Foreign_Aid, ex:Weapons_Shipments ;
    ex:hasResidence ex:White_House ;
    ex:hasBirthPlace ex:Scranton,_Pennsylvania ;
    ex:hasCurrentLocation ex:Washington,_D.C. ."
9,Daniel_Craig,"@prefix ex: <http://example.com/> .
@prefix rdf: <http://www.w3.org/1999/02/22-rdf-syntax-ns#> .
@prefix rdfs: <http://www.w3.org/2000/01/rdf-schema#> .
@prefix xsd: <http://www.w3.org/2001/XMLSchema#> .

ex:daniel_craig rdf:type ex:Actor ;
    ex:hasName ""Daniel Wroughton Craig"" ;
    ex:hasBirthDate ""1968-03-02""^^xsd:date ;
    ex:hasNationality ""English-American"" ;
    ex:hasCareerDescription ""Daniel Wroughton Craig is an English-American actor who gained international fame playing the secret agent James Bond in the film series, beginning with Casino Royale (2006) and in four further instalments, up to No Time to Die (2021). After training at the National Youth Theatre in London and graduating from the Guildhall School of Music and Drama in 1991, Craig began his career on stage. He made his film debut in the drama The Power of One (1992) and the family film A Kid in King Arthur's Court (1995), with his breakthrough role coming in the drama serial Our Friends in the North (1996). He gained prominence for his supporting roles in films such as Elizabeth (1998), Lara Croft: Tomb Raider (2001), Road to Perdition (2002), Layer Cake (2004), and Munich (2005). In 2006, he played James Bond in Casino Royale, a reboot of the Bond franchise which was favourably received by critics and earned Craig a nomination for the BAFTA Award for Best Actor in a Leading Role. His non-Bond appearances since then include roles in the fantasy film The Golden Compass (2007), the drama Defiance (2008), the science fiction Western Cowboys & Aliens (2011), the mystery thriller The Girl with the Dragon Tattoo (2011), the heist film Logan Lucky (2017), and the mystery comedy Knives Out (2019), the last earning him a Golden Globe Award nomination. In 2011, he made his Broadway debut in the revival of Harold Pinter's Betrayal opposite his wife, the actress Rachel Weisz. In 2016, he starred in the New York Theatre Workshop production of Othello. In 2022, he returned to Broadway in the title role of Macbeth with Ruth Negga."" .","@prefix ex: <http://example.com/> .

ex:Daniel_Craig ex:hasName ""Daniel Wroughton Craig"" .
ex:Daniel_Craig ex:hasBirthDate ""1968-03-02"" .
ex:Daniel_Craig ex:hasNationality ""English-American"" .
ex:Daniel_Craig ex:isActor true .
ex:Daniel_Craig ex:isFamousFor ex:James_Bond .
ex:Daniel_Craig ex:hasCareer ex:stage .
ex:Daniel_Craig ex:hasCareer ex:film .
ex:Daniel_Craig ex:hasCareer ex:broadway .
ex:Daniel_Craig ex:hasSpouse ex:Rachel_Weisz .

ex:James_Bond ex:isPlayedBy ex:Daniel_Craig .

ex:Casino_Royale ex:hasActor ex:Daniel_Craig .
ex:Casino_Royale ex:hasYear ""2006"" .

ex:No_Time_to_Die ex:hasActor ex:Daniel_Craig .
ex:No_Time_to_Die ex:hasYear ""2021"" .

ex:Our_Friends_in_the_North ex:hasActor ex:Daniel_Craig .
ex:Our_Friends_in_the_North ex:hasYear ""1996"" .

ex:Elizabeth ex:hasActor ex:Daniel_Craig .
ex:Elizabeth ex:hasYear ""1998"" .

ex:Lara_Croft_Tomb_Raider ex:hasActor ex:Daniel_Craig .
ex:Lara_Croft_Tomb_Raider ex:hasYear ""2001"" .

ex:Road_to_Perdition ex:hasActor ex:Daniel_Craig .
ex:Road_to_Perdition ex:hasYear ""2002"" .

ex:Layer_Cake ex:hasActor ex:Daniel_Craig .
ex:Layer_Cake ex:hasYear ""2004"" .

ex:Munich ex:hasActor ex:Daniel_Craig .
ex:Munich ex:hasYear ""2005"" .

ex:The_Golden_Compass ex:hasActor ex:Daniel_Craig .
ex:The_Golden_Compass ex:hasYear ""2007"" .

ex:Defiance ex:hasActor ex:Daniel_Craig .
ex:Defiance ex:hasYear ""2008"" .

ex:Cowboys_and_Aliens ex:hasActor ex:Daniel_Craig .
ex:Cowboys_and_Aliens ex:hasYear ""2011"" .

ex:The_Girl_with_the_Dragon_Tattoo ex:hasActor ex:Daniel_Craig .
ex:The_Girl_with_the_Dragon_Tattoo ex:hasYear ""2011"" .

ex:Logan_Lucky ex:hasActor ex:Daniel_Craig .
ex:Logan_Lucky ex:hasYear ""2017"" .

ex:Knives_Out ex:hasActor ex:Daniel_Craig .
ex:Knives_Out ex:hasYear ""2019"" .

ex:Betrayal ex:hasActor ex:Daniel_Craig .
ex:Betrayal ex:hasYear ""2011"" .
ex:Betrayal ex:hasCoActor ex:Rachel_Weisz .

ex:Othello ex:hasActor ex:Daniel_Craig .
ex:Macbeth ex:hasYear ""2022"" .
ex:Macbeth ex:hasCoActor ex:Ruth_Negga ."
