,None IE,ClauCy,Stanford,Chat GPT
0,<http://schema.org/nationality> <http://yago-knowledge.org/resource/United_States>,<http://schema.org/nationality> <http://yago-knowledge.org/resource/United_States>,<http://schema.org/nationality> <http://yago-knowledge.org/resource/United_States>,<http://schema.org/nationality> <http://yago-knowledge.org/resource/United_States>
1,<http://schema.org/hasOccupation> <http://yago-knowledge.org/resource/Actor>,<http://www.w3.org/1999/02/22-rdf-syntax-ns#type> <http://yago-knowledge.org/resource/Human>,<http://schema.org/hasOccupation> <http://yago-knowledge.org/resource/Actor>,<http://schema.org/hasOccupation> <http://yago-knowledge.org/resource/Actor>
2,<http://www.w3.org/1999/02/22-rdf-syntax-ns#type> <http://yago-knowledge.org/resource/Human>,<http://schema.org/hasOccupation> <http://yago-knowledge.org/resource/Film_producer>,<http://www.w3.org/1999/02/22-rdf-syntax-ns#type> <http://yago-knowledge.org/resource/Human>,<http://www.w3.org/1999/02/22-rdf-syntax-ns#type> <http://schema.org/Person>
3,<http://schema.org/hasOccupation> <http://yago-knowledge.org/resource/Film_producer>,<http://schema.org/hasOccupation> <http://yago-knowledge.org/resource/Actor>,<http://schema.org/hasOccupation> <http://yago-knowledge.org/resource/Film_producer>,<http://schema.org/hasOccupation> <http://yago-knowledge.org/resource/Film_producer>
4,<http://schema.org/memberOf> <http://yago-knowledge.org/resource/Democratic_Party_(United_States)>,<http://www.w3.org/1999/02/22-rdf-syntax-ns#type> <http://schema.org/Country>,<http://schema.org/memberOf> <http://yago-knowledge.org/resource/Democratic_Party_(United_States)>,<http://schema.org/hasOccupation> <http://yago-knowledge.org/resource/Film_director>
5,<http://www.w3.org/1999/02/22-rdf-syntax-ns#type> <http://schema.org/Country>,<http://schema.org/hasOccupation> <http://yago-knowledge.org/resource/Film_director>,<http://www.w3.org/1999/02/22-rdf-syntax-ns#type> <http://schema.org/Country>,<http://www.w3.org/1999/02/22-rdf-syntax-ns#type> <http://schema.org/Country>
6,<http://schema.org/hasOccupation> <http://yago-knowledge.org/resource/Film_director>,<http://schema.org/nationality> <http://yago-knowledge.org/resource/United_Kingdom>,<http://schema.org/hasOccupation> <http://yago-knowledge.org/resource/Film_director>,<http://www.w3.org/1999/02/22-rdf-syntax-ns#type> <http://schema.org/Actor>
7,<http://schema.org/nationality> <http://yago-knowledge.org/resource/United_Kingdom>,<http://schema.org/memberOf> <http://yago-knowledge.org/resource/Democratic_Party_(United_States)>,<http://schema.org/nationality> <http://yago-knowledge.org/resource/United_Kingdom>,<http://schema.org/hasOccupation> <http://yago-knowledge.org/resource/Stage_actor>
8,<http://schema.org/hasOccupation> <http://yago-knowledge.org/resource/Politician>,<http://schema.org/hasOccupation> <http://yago-knowledge.org/resource/Screenwriter>,<http://www.w3.org/1999/02/22-rdf-syntax-ns#type> <http://yago-knowledge.org/resource/member>,<http://schema.org/memberOf> <http://yago-knowledge.org/resource/Democratic_Party_(United_States)>
9,<http://schema.org/hasOccupation> <http://yago-knowledge.org/resource/Screenwriter>,<http://schema.org/hasOccupation> <http://yago-knowledge.org/resource/Politician>,<http://schema.org/hasOccupation> <http://yago-knowledge.org/resource/Politician>,<http://schema.org/nationality> <http://yago-knowledge.org/resource/United_Kingdom>
