,Entity,Chat-GPT,Stanford,ClauCy
0,Philippines,"[['Philippines', 'type', 'Country'], ['Philippines', 'label', 'Philippines@en'], ['Philippines', 'comment', 'The_Philippines_is_an_archipelagic_country_in_Southeast_Asia.@en'], ['Philippines', 'officialName', 'Republic_of_the_Philippines@en'], ['Philippines', 'consistsOf', 'Luzon,'], ['Philippines', 'consistsOf', 'Visayas,'], ['Philippines', 'consistsOf', 'Mindanao'], ['Philippines', 'boundedBy', 'SouthChinaSea,'], ['Philippines', 'boundedBy', 'PhilippineSea,'], ['Philippines', 'boundedBy', 'CelebesSea'], ['Philippines', 'sharesMaritimeBordersWith', 'Taiwan,'], ['Philippines', 'sharesMaritimeBordersWith', 'Japan,'], ['Philippines', 'sharesMaritimeBordersWith', 'Palau,'], ['Philippines', 'sharesMaritimeBordersWith', 'Indonesia,'], ['Philippines', 'sharesMaritimeBordersWith', 'Malaysia,'], ['Philippines', 'sharesMaritimeBordersWith', 'Vietnam,'], ['Philippines', 'sharesMaritimeBordersWith', 'China'], ['Philippines', 'capital', 'Manila'], ['Philippines', 'largestCity', 'QuezonCity'], ['Philippines', 'population', ['""109000000""', 'xsd:integer']], ['Philippines', 'area', ['""300000""', 'xsd:integer']], ['Philippines', 'ethnicities', 'Negritos,_Austronesian_peoples@en'], ['Philippines', 'religions', 'Catholicism,_Animism,_Hinduism,_Islam@en'], ['Philippines', 'historicalEvent', 'SpanishColonization,'], ['Philippines', 'historicalEvent', 'PhilippineRevolution,'], ['Philippines', 'historicalEvent', 'PhilippineAmericanWar,'], ['Philippines', 'historicalEvent', 'JapaneseInvasion,'], ['Philippines', 'historicalEvent', 'Independence'], ['Philippines', 'economicStatus', 'Emerging_market,_Newly_industrialized_country@en'], ['Philippines', 'membership', 'UnitedNations,'], ['Philippines', 'membership', 'WorldTradeOrganization,'], ['Philippines', 'membership', 'ASEAN,'], ['Philippines', 'membership', 'AsiaPacificEconomicCooperation,'], ['Philippines', 'membership', 'EastAsiaSummit'], ['Philippines', 'locatedOn', 'PacificRingOfFire,'], ['Philippines', 'locatedOn', 'Equator'], ['Philippines', 'naturalResources', 'Biodiversity@en']]","[['countryIn', 'Southeast_Asia'], ['republicOf', 'Philippines'], ['type', 'country'], ['type', 'archipelagic_country'], ['isIn', 'Pacific_Ocean'], ['isIn', 'western_Pacific_Ocean'], ['consistsOf', 'around_7,641_islands'], ['seaBy', 'South_China_Sea'], ['seaTo', 'South_China_Sea'], ['bordersWith', 'Taiwan'], ['bordersTo', 'Japan'], ['shares', 'borders'], ['philippinesShares', 'north'], ['philippinesShares', 'Palau'], ['southTo', 'north'], ['shares', 'maritime_borders'], ['philippinesCovers', 'area'], ['mapOf', 'area'], ['coversOf', '300,000_km2'], ['populationOf', 'around_109_million_people'], ['had', 'population'], ['makingWorld', ""world_'s_thirteenth-most_country""], ['makingWorld', ""world_'s_country""], ['censusOf', 'population'], ['throughout', 'its_islands'], ['has', 'diverse_ethnicities'], ['has', 'ethnicities'], ['maintainedDuring', 'invasion'], ['maintainedDuring', 'World_War_II'], ['maintainedDuring', 'Japanese_invasion'], ['maintainedDuring', 'islands'], ['maintainedUntil', 'Japanese_invasion'], ['becauseOf', 'Japanese_invasion'], ['listOf', 'islands'], ['dateOf', 'invasion'], ['maintainedUntil', 'invasion'], ['becameFollowing', 'liberation'], ['type', 'emerging_market'], ['memberOf', 'World_Trade_Organization'], ['isFounding', 'Nations'], ['memberOf', 'ASEAN'], ['isFounding', 'founding_member'], ['type', 'member'], ['memberOf', 'United_Nations'], ['memberOf', 'Asia_Pacific_Economic_Cooperation_forum'], ['proneTo', 'earthquakes']]","[['isIn', 'western_Pacific_Ocean'], ['boundedBy', 'South_China_Sea'], ['seaTo', 'west'], ['islandsTo', 'Philippine_Sea'], ['seaTo', 'east'], ['shares', 'maritime_borders'], ['philippinesCovers', 'area'], ['has', 'diverse_ethnicities'], ['philippinesHas', 'cultures'], ['type', 'emerging_market'], ['type', 'newly_industrialized_country'], ['type', 'Asia-Pacific_Economic_Cooperation_forum'], ['type', 'founding_member']]"
1,Heath Ledger,"[['Heath Ledger', 'type', 'Actor'], ['Heath Ledger', 'name', 'Heath_Andrew_Ledger'], ['Heath Ledger', 'birthDate', ['""1979-04-04""', 'xsd:date']], ['Heath Ledger', 'deathDate', ['""2008-01-22""', 'xsd:date']], ['Heath Ledger', 'occupation', 'Actor;_Music_video_director'], ['Heath Ledger', 'work', '10_Things_I_Hate_About_You'], ['Heath Ledger', 'work', 'The_Patriot'], ['Heath Ledger', 'work', ""A_Knight's_Tale""], ['Heath Ledger', 'work', ""Monster's_Ball""], ['Heath Ledger', 'work', 'Lords_of_Dogtown'], ['Heath Ledger', 'work', 'Brokeback_Mountain'], ['Heath Ledger', 'work', 'Candy'], ['Heath Ledger', 'work', ""I'm_Not_There""], ['Heath Ledger', 'work', 'The_Dark_Knight'], ['Heath Ledger', 'work', 'The_Imaginarium_of_Doctor_Parnassus'], ['Heath Ledger', 'award', 'BAFTA_Award'], ['Heath Ledger', 'award', 'Screen_Actors_Guild_Award'], ['Heath Ledger', 'award', 'Golden_Globe_Award'], ['Heath Ledger', 'award', 'Academy_Award'], ['Heath Ledger', 'award', 'Independent_Spirit_Robert_Altman_Award'], ['Heath Ledger', 'causeOfDeath', 'Accidental_overdose_of_medications']]","[['type', 'Australian_actor'], ['type', 'actor'], ['continuedIn', 'roles'], ['appearedIn', 'Australian_television_productions'], ['appearedIn', 'several_Australian_television_productions'], ['playsIn', 'television_productions'], ['movedTo', 'United_States'], ['appearedIn', 'several_television_productions'], ['movedAfter', 'roles'], ['startedPlaying', 'roles'], ['developDevelop', 'his_film_career'], ['startedPlaying', 'playing_roles'], ['produced', 'music_videos'], ['toFilm', 'director'], ['asAspired', 'film_director'], ['excelledIn', 'his_portrayal'], ['starredIn', ""Ang_Lee_'s_Brokeback_Mountain""], ['nominatedFor', 'BAFTA_Award'], ['approvedOf', 'his_portrayal'], ['portrayalOf', 'Ennis_Del_Mar'], ['received', 'nominations'], ['awardFor', 'Actor'], ['starredIn', 'Ennis_Del_Mar'], ['wonFor', 'his_portrayal'], ['wonFor', 'Best_Actor'], ['received', 'Independent_Spirit'], ['diedOn', '22_January'], ['diedOf', 'result'], ['diedOf', 'accidental_overdose'], ['diedOf', 'overdose'], ['overdoseOf', 'medications'], ['filming', 'role'], ['type', 'his_role'], ['returnsAs', 'Joker'], ['finishedBefore', 'months'], ['finishedBefore', 'few_months'], ['in', 'his_role'], ['appearsIn', 'Joker'], ['appearedIn', 'Dark_Knight']]","[['april', 'April'], ['received', 'nominations'], ['played', 'fictional_actor'], ['received', 'Independent_Spirit_Robert_Altman_Award'], ['diedOf', 'result'], ['diedOf', 'accidental_overdose'], ['listOf', 'medications'], ['diedOn', '22_January']]"
2,Olivia Wilde,"[['Olivia Wilde', 'type', 'Person'], ['Olivia Wilde', 'profession', 'actress,_filmmaker'], ['Olivia Wilde', 'played', 'Remy_Hadley'], ['Olivia Wilde', 'appearedIn', 'Tron_Legacy,'], ['Olivia Wilde', 'appearedIn', 'Cowboys_and_Aliens,'], ['Olivia Wilde', 'appearedIn', 'The_Incredible_Burt_Wonderstone,'], ['Olivia Wilde', 'appearedIn', 'The_Lazarus_Effect'], ['Olivia Wilde', 'madeBroadwayDebut', '2017'], ['Olivia Wilde', 'directed', 'Booksmart,'], ['Olivia Wilde', 'directed', 'Dont_Worry_Darling']]","[['starredOn', 'medical_drama_television_series'], ['appearedOn', 'House'], ['on', 'drama_television_series'], ['played', 'Remy_Thirteen_Hadley'], ['appearedIn', 'films'], ['made', 'Broadway_debut'], ['playing', 'Julia'], ['directed', 'film'], ['awardFor', 'Best_Feature'], ['awardFor', 'First_Feature'], ['awardFor', 'Feature'], ['directed', 'teen_comedy_Booksmart'], ['filmBooksmart', 'teen_comedy_Booksmart'], ['won', 'Independent_Spirit_Award'], ['directed', 'first_film'], ['awardFor', 'Best_First_Feature'], ['as', 'second_feature'], ['worksAs', 'director']]","[['type', '/ˈkoʊbərn/_KOH-bərn'], ['played', 'Hadley'], ['made', 'Broadway_debut'], ['directed', 'first_film']]"
3,Chris Evans (actor),"[['Chris Evans (actor)', 'type', 'Actor'], ['Chris Evans (actor)', 'name', 'Christopher_Robert_Evans'], ['Chris Evans (actor)', 'birthDate', ['""1981-06-13""', 'xsd:date']], ['Chris Evans (actor)', 'career', 'Opposite_Sex'], ['Chris Evans (actor)', 'career', 'Not_Another_Teen_Movie'], ['Chris Evans (actor)', 'career', 'Fantastic_Four'], ['Chris Evans (actor)', 'career', 'Fantastic_Four_Rise_of_the_Silver_Surfer'], ['Chris Evans (actor)', 'career', 'TMNT'], ['Chris Evans (actor)', 'career', 'Scott_Pilgrim_vs_the_World'], ['Chris Evans (actor)', 'career', 'Snowpiercer'], ['Chris Evans (actor)', 'career', 'Captain_America_The_First_Avenger'], ['Chris Evans (actor)', 'career', 'Avengers_Endgame'], ['Chris Evans (actor)', 'career', 'Gifted'], ['Chris Evans (actor)', 'career', 'Knives_Out'], ['Chris Evans (actor)', 'career', 'Defending_Jacob'], ['Chris Evans (actor)', 'career', 'Before_We_Go'], ['Chris Evans (actor)', 'career', 'Lobby_Hero'], ['Chris Evans (actor)', 'role', 'Human_Torch'], ['Chris Evans (actor)', 'role', 'Steve_Rogers_Captain_America'], ['Chris Evans (actor)', 'award', 'Drama_League_Award_nomination'], ['Chris Evans (actor)', 'hasOccupation', 'Actor'], ['Chris Evans (actor)', 'hasOccupation', 'Director'], ['Chris Evans (actor)', 'hasOccupation', 'Producer'], ['Chris Evans (actor)', 'hasOccupation', 'Broadway_Actor']]","[['began', 'career'], ['including', 'appearances'], ['including', 'several_teen_films'], ['including', ""2001_'s_Not_Another_Teen_Movie""], ['gainedFollowing', 'appearances'], ['including', 'teen_films'], ['gained', 'attention'], ['becauseOf', 'his_portrayal'], ['sonOf', 'Marvel_Comics_character'], ['including', ""2001_'s_Another_Teen_Movie""], ['praisedFor', 'his_portrayal'], ['featuredIn', 'appearances'], ['appearedIn', 'several_teen_films'], ['appearedIn', 'teen_films'], ['made', 'appearances'], ['madeIn', 'further_appearances'], ['appearedIn', 'film_adaptations'], ['listOf', 'appearances'], ['authorOf', 'film_adaptations'], ['authorOf', 'books'], ['madeOf', 'further_appearances'], ['authorOf', 'comic_books'], ['made', 'further_appearances'], ['graduatedFrom', 'his_portrayal'], ['filmsFrom', 'Steve_Rogers_Captain_America'], ['graduatedFrom', 'Marvel'], ['from', 'Cinematic_Universe_films'], ['graduatedFrom', 'Captain_America'], ['excelledIn', 'his_portrayal'], ['appearedIn', 'Steve_Rogers_Captain_America'], ['appearedIn', 'Marvel_Cinematic_Universe_films'], ['voiceOf', 'Steve_Rogers_Captain_America'], ['appearedIn', 'several_Marvel_Cinematic_Universe_films'], ['gained', 'recognition'], ['adaptedFrom', 'several_Marvel_Cinematic_Universe_films'], ['gained', 'wider_recognition'], ['from', 'Marvel_Cinematic_Universe_films'], ['starred', 'book_roles'], ['starred', 'comic_book_roles'], ['starredIn', 'drama'], ['made', 'debut'], ['made', 'directorial_debut'], ['made', 'Broadway_debut']]","[['type', 'American_actor'], ['began', 'career'], ['gained', 'attention'], ['made', 'further_appearances'], ['gained', 'wider_recognition'], ['asideFrom', 'comic_book_roles'], ['theMiniseries', 'drama'], ['theMiniseries', 'Gifted'], ['theMiniseries', 'television_miniseries'], ['televisionMiniseries', 'Defending_Jacob'], ['made', 'directorial_debut'], ['made', 'Broadway_debut']]"
4,Chelsea F.C.,"[['Chelsea F.C.', 'type', 'FootballClub'], ['Chelsea F.C.', 'name', 'Chelsea_Football_Club'], ['Chelsea F.C.', 'location', 'Fulham,_West_London'], ['Chelsea F.C.', 'foundedYear', ['""1905""', 'xsd:gYear']], ['Chelsea F.C.', 'homeStadium', 'Stamford_Bridge'], ['Chelsea F.C.', 'league', 'Premier_League'], ['Chelsea F.C.', 'leagueDivision', 'top_division'], ['Chelsea F.C.', 'honour', 'LeagueChampionship'], ['Chelsea F.C.', 'honour', 'FACup'], ['Chelsea F.C.', 'honour', 'CupWinnersCup'], ['Chelsea F.C.', 'honour', 'ClubWorldCup'], ['Chelsea F.C.', 'honour', 'ChampionsLeague'], ['Chelsea F.C.', 'honour', 'CommunityShield'], ['Chelsea F.C.', 'honour', 'EuropaLeague'], ['Chelsea F.C.', 'honour', 'LeagueCup'], ['Chelsea F.C.', 'honour', 'SuperCup'], ['Chelsea F.C.', 'rivalry', 'Arsenal'], ['Chelsea F.C.', 'rivalry', 'TottenhamHotspur'], ['Chelsea F.C.', 'rivalry', 'LeedsUnited'], ['Chelsea F.C.', 'clubValue', ['""2.39 billion""', 'xsd:decimal']], ['Chelsea F.C.', 'earnings', ['""493.1 million""', 'xsd:decimal']]]","[['isIn', 'based_Fulham'], ['play', 'their_home_games'], ['bottomOf', 'division'], ['divisionOf', 'football'], ['divisionIn', 'Premier_League'], ['divisionOf', 'English_football'], ['competes', 'top_division'], ['competesOf', 'top_division'], ['competes', 'division'], ['won', 'their_honour'], ['won', 'their_first_major_honour'], ['won', 'their_major_honour'], ['won', 'their_first_honour'], ['won', 'League_championship'], ['won', 'their_first_European_honour'], ['wonFor', 'first_time'], ['wonFor', 'time'], ['won', ""Cup_Winners_'_Cup""], ['won', 'their_European_honour'], ['won', 'FA_Cup'], ['won', 'six_league_titles'], ['haveWon', 'UEFA_Europa_League'], ['haveWon', 'UEFA_Champions_League'], ['competesIn', 'football'], ['competesIn', 'English_football'], ['type', 'successful_club'], ['type', 'club'], ['type', 'fourth-most_successful_club'], ['type', 'fourth-most_club'], ['has', 'rivalries'], ['with', 'rivalries'], ['competesWith', 'teams_Arsenal'], ['has', 'neighbouring_teams'], ['has', 'Arsenal'], ['areAre', 'terms'], ['areAre', 'valuable_football_club'], ['are', 'seventh_football_club'], ['are', 'seventh_most_valuable_football_club'], ['areIn', 'most_valuable_football_club'], ['wonIn', 'world'], ['areIn', 'seventh_valuable_football_club'], ['areIn', 'terms'], ['areIn', 'club_value_football_club'], ['areIn', 'football_club'], ['areIn', 'club_value_seventh_valuable_football_club'], ['areIn', 'seventh_football_club'], ['areIn', 'club_value_seventh_most_valuable_football_club'], ['areIn', 'club_value_seventh_football_club'], ['areIn', 'terms'], ['are', 'club_value'], ['areOf', 'terms'], ['areOf', 'club_value_valuable_football_club'], ['areIn', 'club_value'], ['areOf', 'club_value_football_club'], ['areIn', 'seventh_most_valuable_football_club'], ['are', 'football_club'], ['areIn', 'valuable_football_club'], ['areOf', 'club_value_seventh_football_club'], ['areOf', 'club_value_seventh_valuable_football_club'], ['areTerms', 'terms'], ['are', 'most_valuable_football_club'], ['areIn', 'seventh_most_valuable_football_club'], ['areOf', 'club_value_seventh_most_valuable_football_club'], ['areIn', 'club_value_valuable_football_club'], ['are', 'seventh_valuable_football_club']]","[['type', 'English_professional_football_club'], ['won', 'their_first_major_honour'], ['are', 'only_London_club'], ['haveWon', 'UEFA_Champions_League'], ['outOf', 'terms'], ['wonOf', 'overall_trophies'], ['are', 'seventh_most_valuable_football_club']]"
5,Jennifer Aniston,"[['Jennifer Aniston', 'type', 'Person'], ['Jennifer Aniston', 'birthDate', ['""1969-02-11""', 'xsd:date']], ['Jennifer Aniston', 'netWorth', ['""$300 million""', 'xsd:string']], ['Jennifer Aniston', 'boxOfficeGross', ['""$1.6 billion""', 'xsd:string']], ['Jennifer Aniston', 'hasOccupation', ['""actress""', 'xsd:string']], ['Jennifer Aniston', 'hasOccupation', ['""film producer""', 'xsd:string']], ['Jennifer Aniston', 'parent', 'John_Aniston'], ['Jennifer Aniston', 'parent', 'Nancy_Dow'], ['Jennifer Aniston', 'award', ['""Primetime Emmy Award""', 'xsd:string']], ['Jennifer Aniston', 'award', ['""Golden Globe Award""', 'xsd:string']], ['Jennifer Aniston', 'award', ['""Screen Actors Guild Awards""', 'xsd:string']], ['Jennifer Aniston', 'award', ['""Hollywood Walk of Fame star""', 'xsd:string']], ['Jennifer Aniston', 'company', 'Echo_Films'], ['Jennifer Aniston', 'work', 'Friends'], ['Jennifer Aniston', 'work', 'Bruce_Almighty'], ['Jennifer Aniston', 'work', 'The_Break-Up'], ['Jennifer Aniston', 'work', 'Marley_&_Me'], ['Jennifer Aniston', 'work', 'Just_Go_with_It'], ['Jennifer Aniston', 'work', 'Horrible_Bosses'], ['Jennifer Aniston', 'work', ""We're_the_Millers""], ['Jennifer Aniston', 'work', 'Office_Space'], ['Jennifer Aniston', 'work', 'The_Good_Girl'], ['Jennifer Aniston', 'work', 'Friends_with_Money'], ['Jennifer Aniston', 'work', 'Cake'], ['Jennifer Aniston', 'work', ""Dumplin'""], ['Jennifer Aniston', 'work', 'The_Morning_Show'], ['Jennifer Aniston', 'spouse', 'Brad_Pitt'], ['Jennifer Aniston', 'spouse', 'Justin_Theroux']]","[['awardsIncluding', 'accolades'], ['awardsIncluding', 'Primetime_Emmy_Award'], ['recipientOf', 'various_accolades'], ['recipientOf', 'accolades'], ['type', 'recipient'], ['awardsIncluding', 'various_accolades'], ['progressed', 'career'], ['become', ""one_world_'s_highest_paid_actresses""], ['become', 'career'], ['become', ""one_world_'s_paid_actresses""], ['oneOf', ""world_'s_paid_actresses""], ['oneOf', ""world_'s_actresses""], ['become', ""one_world_'s_actresses""], ['oneOf', ""world_'s_highest_paid_actresses""], ['beganWith', 'role'], ['asIn', 'actress'], ['diedIn', 'age'], ['actressIn', 'role'], ['roleIn', '1988_film_Mac'], ['workingAt', 'age'], ['workedWith', 'actress'], ['beganWith', 'early_age'], ['debutedWith', 'uncredited_role'], ['isIn', 'uncredited_role'], ['diedIn', 'early_age'], ['workingAs', 'actress'], ['looksAt', 'actress'], ['diedAt', 'early_age'], ['diedWith', 'age'], ['earned', 'Primetime_Emmy'], ['roseOn', 'role'], ['roseOn', 'television_sitcom'], ['appearedOn', 'Friends'], ['roseOn', 'Rachel_Green'], ['roseTo', 'international_fame'], ['roseTo', 'fame'], ['roseFor', 'role'], ['roseAs', 'role'], ['roseAs', 'Rachel_Green'], ['starredIn', 'comedy_films'], ['starredIn', 'commercially_successful_comedy_films'], ['starredIn', 'successful_comedy_films'], ['starringIn', 'Apple_TV_drama_series'], ['returnedTo', 'television'], ['listOf', ""magazines_'_lists""], ['listOf', ""world_'s_beautiful_women""], ['appearsIn', ""numerous_magazines_'_lists""], ['listOf', ""world_'s_most_beautiful_women""], ['outOf', ""numerous_magazines_'_lists""], ['includedIn', ""magazines_'_lists""], ['listOf', ""world_'s_women""], ['listOf', 'box_office_gross'], ['oneOf', 'few_performers'], ['as', 'box_office_gross'], ['type', 'one_performers'], ['with', 'box_office_gross'], ['refersAs', 'one_few_performers'], ['listOf', 'performers'], ['recipientOf', 'star'], ['memberOf', 'Hollywood_Walk'], ['hallOf', 'Fame'], ['isOn', 'star'], ['starOn', 'Hollywood_Walk'], ['recipientOf', 'recipient'], ['founderOf', 'production_company'], ['isOn', 'recipient'], ['type', 'co'], ['marriedFor', 'five_years'], ['marriedTo', 'actor']]","[['type', 'film_producer'], ['type', 'American_actress'], ['type', 'recipient'], ['wonEmmy', 'role'], ['Emmy', 'Rachel_Green'], ['wonEmmy', 'television_sitcom'], ['wonEmmy', 'Friends'], ['wonEmmy', 'which'], ['Emmy', 'she'], ['daytimeEmmy', 'Primetime_Emmy'], ['Emmy', 'Golden_Globe'], ['roseTo', 'international_fame'], ['andMarley', 'commercially_successful_comedy_films'], ['asMarley', 'Bruce_Almighty'], ['asMarley', 'The_Break-Up'], ['asMarley', 'Marley'], ['asMarley', 'Me'], ['returnedTo', 'television'], ['outOf', ""numerous_magazines'_lists""], ['listOf', ""world's_most_beautiful_women""], ['with', 'box_office_gross'], ['oneOf', 'few_performers'], ['been', 'actor']]"
6,Ryan Reynolds,"[['Ryan Reynolds', 'type', 'Actor'], ['Ryan Reynolds', 'birthDate', ['""1976-10-23""', 'xsd:date']], ['Ryan Reynolds', 'citizenship', 'Canadian-American'], ['Ryan Reynolds', 'totalBoxOfficeGross', ['""$5 billion""', 'xsd:string']], ['Ryan Reynolds', 'career', 'Hillside'], ['Ryan Reynolds', 'career', 'Two_Guys_and_a_Girl'], ['Ryan Reynolds', 'career', ""National_Lampoon's_Van_Wilder""], ['Ryan Reynolds', 'career', 'Waiting'], ['Ryan Reynolds', 'career', 'The_Proposal'], ['Ryan Reynolds', 'career', 'Buried'], ['Ryan Reynolds', 'career', 'Woman_in_Gold'], ['Ryan Reynolds', 'career', 'Life'], ['Ryan Reynolds', 'career', 'Blade_Trinity'], ['Ryan Reynolds', 'career', 'Green_Lantern'], ['Ryan Reynolds', 'career', '6_Underground'], ['Ryan Reynolds', 'career', 'Free_Guy'], ['Ryan Reynolds', 'career', 'The_Croods'], ['Ryan Reynolds', 'career', 'Turbo'], ['Ryan Reynolds', 'career', 'Pokémon_Detective_Pikachu'], ['Ryan Reynolds', 'career', 'Deadpool'], ['Ryan Reynolds', 'career', 'Deadpool_2'], ['Ryan Reynolds', 'award', 'Sexiest_Man_Alive'], ['Ryan Reynolds', 'award', 'Hollywood_Walk_of_Fame'], ['Ryan Reynolds', 'ownership', 'Wrexham_AFC']]","[['continuedIn', 'his_career'], ['starredIn', 'teen_soap_opera'], ['starredIn', 'Hillside'], ['had', 'minor_roles'], ['began', 'career'], ['had', 'roles'], ['starredIn', 'Canadian_teen_soap_opera'], ['performedIn', 'dramatic_roles'], ['performedIn', 'roles'], ['has', 'biggest_commercial_success'], ['played', 'title_character'], ['named', ""People_'s_Sexiest_Man_Alive""], ['hallOf', 'star'], ['starOf', 'Hollywood_Walk'], ['hallOf', 'Fame'], ['awarded', 'star'], ['on', 'star'], ['starOn', 'Hollywood_Walk'], ['became', 'co'], ['chairmanOf', 'co'], ['ownerOf', 'Welsh_football_club_Wrexham_A.F.C.']]","[['type', 'Canadian-American_actor'], ['began', 'career'], ['performedIn', 'dramatic_roles'], ['performedIn', 'Buried'], ['became', 'co']]"
7,Australia,"[['Australia', 'type', 'SovereignCountry'], ['Australia', 'officialName', ['""Commonwealth of Australia""', 'xsd:string']], ['Australia', 'comprises', 'AustralianContinent,'], ['Australia', 'comprises', 'Tasmania,'], ['Australia', 'comprises', 'SmallerIslands'], ['Australia', 'area', ['""7,617,930""', 'xsd:integer']], ['Australia', 'areaUnit', ['""square kilometres""', 'xsd:string']], ['Australia', 'largestByAreaIn', 'Oceania'], ['Australia', 'largestByAreaIn', 'World'], ['Australia', 'superlative', ['""oldest""', 'xsd:string']], ['Australia', 'superlative', ['""flattest""', 'xsd:string']], ['Australia', 'superlative', ['""driest""', 'xsd:string']], ['Australia', 'soilFertility', 'LeastFertileSoils'], ['Australia', 'megadiverse', 'MegadiverseCountry'], ['Australia', 'varietyOf', 'Landscapes'], ['Australia', 'varietyOf', 'Climates'], ['Australia', 'desert', 'CentralDesert'], ['Australia', 'rainforest', 'NortheastRainforest'], ['Australia', 'mountainRange', 'SoutheastMountainRange'], ['Australia', 'ancestor', 'AboriginalAustralians'], ['Australia', 'arrivalTime', ['""approximately 65,000 years ago""', 'xsd:string']], ['Australia', 'arrivalMethod', ['""sea""', 'xsd:string']], ['Australia', 'settled', 'AustralianContinent'], ['Australia', 'languageGroup', ['""250""', 'xsd:integer']], ['Australia', 'languageGroupType', ['""distinct""', 'xsd:string']], ['Australia', 'continuingTraditions', 'ArtisticTraditions'], ['Australia', 'continuingTraditions', 'ReligiousTraditions'], ['Australia', 'writtenHistory', 'EuropeanExploration'], ['Australia', 'firstKnownEuropean', ['""Willem Janszoon""', 'xsd:string']], ['Australia', 'firstEuropeanArrivalTime', ['""1606""', 'xsd:string']], ['Australia', 'mapped', 'EastCoast'], ['Australia', 'claimed', 'EastCoast'], ['Australia', 'established', 'NewSouthWales'], ['Australia', 'establishmentTime', ['""1788""', 'xsd:string']], ['Australia', 'population', ['""26 million""', 'xsd:string']], ['Australia', 'highlyUrbanised', ['true']], ['Australia', 'concentratedOn', 'EasternSeaboard'], ['Australia', 'capital', 'Canberra'], ['Australia', 'mostPopulousCity', 'Sydney'], ['Australia', 'financialCentre', 'Sydney'], ['Australia', 'secondLargestCity', 'Melbourne'], ['Australia', 'thirdLargestCity', 'Brisbane'], ['Australia', 'fourthLargestCity', 'Perth'], ['Australia', 'fifthLargestCity', 'Adelaide'], ['Australia', 'shapedDemography', 'Immigration'], ['Australia', 'immigrantPopulation', ['""30%""', 'xsd:string']], ['Australia', 'overseasBornPopulation', ['""almost half""', 'xsd:string']], ['Australia', 'abundantResources', ['true']], ['Australia', 'wellDevelopedTradeRelations', ['true']], ['Australia', 'crucialTo', 'Economy'], ['Australia', 'generatesIncomeFrom', 'Services'], ['Australia', 'generatesIncomeFrom', 'MiningExports'], ['Australia', 'generatesIncomeFrom', 'Banking'], ['Australia', 'generatesIncomeFrom', 'Manufacturing'], ['Australia', 'generatesIncomeFrom', 'Agriculture'], ['Australia', 'generatesIncomeFrom', 'InternationalEducation'], ['Australia', 'highlyDeveloped', ['true']], ['Australia', 'highIncomeEconomy', ['true']], ['Australia', 'economyRank', ['""14""', 'xsd:integer']], ['Australia', 'perCapitaIncomeRank', ['""9""', 'xsd:integer']], ['Australia', 'hDIrank', ['""5""', 'xsd:integer']], ['Australia', 'regionalPower', ['true']], ['Australia', 'militaryExpenditureRank', ['""13""', 'xsd:integer']], ['Australia', 'qualityOfLifeRank', ['""highest""', 'xsd:string']], ['Australia', 'democracyRank', ['""highest""', 'xsd:string']], ['Australia', 'healthRank', ['""highest""', 'xsd:string']], ['Australia', 'educationRank', ['""highest""', 'xsd:string']], ['Australia', 'economicFreedomRank', ['""highest""', 'xsd:string']], ['Australia', 'civilLibertiesRank', ['""highest""', 'xsd:string']], ['Australia', 'safetyRank', ['""highest""', 'xsd:string']], ['Australia', 'politicalRightsRank', ['""highest""', 'xsd:string']], ['Australia', 'exceptionalCities', ['true']], ['Australia', 'memberOf', 'UnitedNations'], ['Australia', 'memberOf', 'G20'], ['Australia', 'memberOf', 'OECD'], ['Australia', 'memberOf', 'WTO'], ['Australia', 'memberOf', 'ANZUS'], ['Australia', 'memberOf', 'AUKUS'], ['Australia', 'memberOf', 'FiveEyes'], ['Australia', 'memberOf', 'Quad'], ['Australia', 'memberOf', 'APEC'], ['Australia', 'memberOf', 'PacificIslandsForum'], ['Australia', 'memberOf', 'PacificCommunity'], ['Australia', 'memberOf', 'CommonwealthOfNations']]","[['consistingOf', 'mainland'], ['mainlandOf', 'continent'], ['australiaComprising', 'mainland'], ['sovereign', 'comprising'], ['mainlandOf', 'Australian_continent'], ['commonwealthOf', 'Australia'], ['stateOf', 'Tasmania'], ['type', 'sovereign_country'], ['isIn', 'area'], ['isIn', '7,617,930_square_kilometres_country'], ['isIn', 'Oceania'], ['isBy', 'area'], ['isBy', '7,617,930_kilometres_country'], ['smallestWith', 'area'], ['isIn', 'area_largest_country'], ['isBy', '7,617,930_kilometres_largest_country'], ['type', 'largest_country'], ['isIn', 'country'], ['isIn', '7,617,930_kilometres_country'], ['codeOf', 'area'], ['areaOf', '7,617,930_kilometres'], ['isBy', 'area_largest_country'], ['areaOf', '7,617,930_square_kilometres'], ['isBy', '7,617,930_square_kilometres_country'], ['isIn', 'area_country'], ['isIn', '7,617,930_square_kilometres_largest_country'], ['isBy', '7,617,930_square_kilometres_largest_country'], ['isIn', '7,617,930_kilometres_largest_country'], ['isBy', 'area_country'], ['isWith', '2,941,300_sq_mi'], ['isIn', 'largest_country'], ['isWith', 'soils'], ['isWith', 'fertile_soils'], ['isWith', 'least_fertile_soils'], ['type', 'megadiverse'], ['arrivingBy', 'sea'], ['formed', 'approximately_250_language_groups'], ['formed', 'approximately_250_distinct_language_groups'], ['settledSettled', 'continent'], ['written', 'written_history'], ['maintained', 'democratic_political_system'], ['maintained', 'stable_system'], ['maintained', 'system'], ['maintained', 'stable_democratic_system'], ['maintained', 'liberal_political_system'], ['maintained', 'liberal_system'], ['maintained', 'liberal_democratic_political_system'], ['maintained', 'stable_liberal_political_system'], ['maintained', 'stable_liberal_democratic_political_system'], ['maintained', 'stable_democratic_political_system'], ['maintained', 'political_system'], ['maintained', 'democratic_system'], ['maintained', 'liberal_democratic_system'], ['maintained', 'stable_liberal_democratic_system'], ['maintained', 'stable_political_system'], ['maintained', 'stable_liberal_system'], ['since', 'system'], ['type', 'monarchy'], ['type', 'federal_monarchy'], ['type', 'federal_parliamentary_monarchy'], ['type', 'federal_constitutional_monarchy'], ['type', 'constitutional_monarchy'], ['type', 'Politically_federal_parliamentary_constitutional_monarchy'], ['type', 'parliamentary_monarchy'], ['type', 'Politically_monarchy'], ['type', 'Politically_parliamentary_constitutional_monarchy'], ['type', 'federal_parliamentary_constitutional_monarchy'], ['type', 'parliamentary_comprising'], ['type', 'Politically_federal_monarchy'], ['type', 'Politically_federal_constitutional_monarchy'], ['type', 'Politically_parliamentary_monarchy'], ['type', 'constitutional_comprising'], ['type', 'Politically_constitutional_monarchy'], ['type', 'parliamentary_constitutional_monarchy'], ['type', 'Politically_federal_parliamentary_monarchy'], ['type', 'federal_comprising'], ['has', 'population'], ['has', 'demography'], ['australiaOf', 'population'], ['australiaTo', 'economy'], ['has', 'abundant_natural_resources'], ['countryWith', 'income_economy'], ['isWith', 'high_income_economy'], ['type', 'highly_developed_country'], ['type', 'developed_country'], ['developed', 'economy'], ['with', ""world_'s_economy""], ['economyWith', 'ninth_income'], ['type', ""world_'s_fourteenth_economy""], ['with', ""world_'s_fourteenth_economy""], ['economyWith', 'income'], ['type', ""world_'s_economy""], ['economyWith', 'ninth_per_capita_income'], ['rankedAs', 'fifth_highest_Human_Development_Index'], ['rankedAs', 'highest_Human_Development_Index'], ['rankedAs', 'Human_Development_Index'], ['has', ""world_'s_thirteenth_military_expenditure""], ['type', 'regional_power'], ['has', ""world_'s_expenditure""], ['has', ""world_'s_military_expenditure""], ['has', ""world_'s_thirteenth_expenditure""], ['highestIn', 'world'], ['memberOf', 'groupings'], ['including', 'international_groupings'], ['including', 'United_Nations'], ['type', 'member'], ['including', 'groupings'], ['memberOf', 'international_groupings']]","[['type', 'officially_the_Commonwealth'], ['type', 'largest_country'], ['isInhabited', 'driest'], ['largestInhabited', 'continent'], ['type', 'megadiverse_country'], ['arrivingBy', 'sea'], ['maintained', 'stable_liberal_democratic_political_system'], ['maintained', 'wealthy_market_economy'], ['type', 'federal_parliamentary_constitutional_monarchy'], ['type', 'highly_developed_country'], ['type', ""world's_fourteenth-largest_economy""], ['rankedAs', 'fifth-highest_Human_Development_Index'], ['type', 'regional_power'], ['highestIn', 'world'], ['forSafety', 'quality'], ['ranksSafety', 'life'], ['safety', 'democracy'], ['forSafety', 'health'], ['forSafety', 'education'], ['forSafety', 'economic_freedom'], ['ranksSafety', 'civil_liberties'], ['forSafety', 'political_rights'], ['ranksIn', 'all_its_major_cities'], ['ranksIn', 'global_comparative_livability_surveys'], ['type', 'member']]"
8,Leonardo DiCaprio,"[['Leonardo DiCaprio', 'type', 'foaf:Person'], ['Leonardo DiCaprio', 'name', 'Leonardo_Wilhelm_DiCaprio'], ['Leonardo DiCaprio', 'birthDate', ['""1974-11-11""', 'xsd:date']], ['Leonardo DiCaprio', 'birthPlace', 'Los_Angeles'], ['Leonardo DiCaprio', 'occupation', 'Actor,_film_producer'], ['Leonardo DiCaprio', 'primaryTopicOf', 'Leonardo_DiCaprio'], ['Leonardo DiCaprio', 'made', 'Appian_Way_Productions'], ['Leonardo DiCaprio', 'made', 'Greensburg'], ['Leonardo DiCaprio', 'made', 'Leonardo_DiCaprio_Foundation'], ['Leonardo DiCaprio', 'depiction', 'Leonardo_DiCaprio.jpg'], ['Leonardo DiCaprio', 'hasOccupation', 'dbp:occupation'], ['Leonardo DiCaprio', 'networth', ['""7.2 billion""', 'xsd:decimal']], ['Leonardo DiCaprio', 'academicAdvisor', 'Martin_Scorsese'], ['Leonardo DiCaprio', 'award', 'Academy_Award'], ['Leonardo DiCaprio', 'award', 'BAFTA_Award'], ['Leonardo DiCaprio', 'award', 'Golden_Globe_Award'], ['Leonardo DiCaprio', 'receivedAward', 'Academy_Award'], ['Leonardo DiCaprio', 'receivedAward', 'BAFTA_Award'], ['Leonardo DiCaprio', 'receivedAward', 'Golden_Globe_Award'], ['Leonardo DiCaprio', 'collaboratedWith', 'Martin_Scorsese'], ['Leonardo DiCaprio', 'criticalAcclaim', ""What's_Eating_Gilbert_Grape""], ['Leonardo DiCaprio', 'criticalAcclaim', 'The_Revenant'], ['Leonardo DiCaprio', 'criticalAcclaim', 'The_Departed'], ['Leonardo DiCaprio', 'criticalAcclaim', 'Blood_Diamond'], ['Leonardo DiCaprio', 'criticalAcclaim', 'Revolutionary_Road'], ['Leonardo DiCaprio', 'film', ""This_Boy's_Life""], ['Leonardo DiCaprio', 'film', 'Romeo_+_Juliet'], ['Leonardo DiCaprio', 'film', 'Titanic'], ['Leonardo DiCaprio', 'film', 'Catch_Me_If_You_Can'], ['Leonardo DiCaprio', 'film', 'Gangs_of_New_York'], ['Leonardo DiCaprio', 'film', 'The_Aviator'], ['Leonardo DiCaprio', 'film', 'Django_Unchained'], ['Leonardo DiCaprio', 'film', 'The_Great_Gatsby'], ['Leonardo DiCaprio', 'film', 'The_Wolf_of_Wall_Street'], ['Leonardo DiCaprio', 'film', 'Once_Upon_a_Time_in_Hollywood'], ['Leonardo DiCaprio', 'Leonardo_DiCaprio_Foundation', 'rdf:type'], ['Leonardo DiCaprio', 'Leonardo_DiCaprio_Foundation', 'foaf:Organization'], ['Leonardo DiCaprio', 'name', 'Leonardo_DiCaprio_Foundation'], ['Leonardo DiCaprio', 'homepage', '<http://leonardodicaprio.org>']]","[['knownIn', 'leading_man'], ['knownIn', 'biopics'], ['recipientOf', 'accolades'], ['awardIncluding', 'recipient'], ['awardsIncluding', 'accolades'], ['awardsIncluding', 'Academy_Award'], ['awardIncluding', 'numerous_accolades'], ['recipientOf', 'numerous_accolades'], ['knownFor', 'his_work'], ['type', 'recipient'], ['knownAs', 'leading_man'], ['knownAs', 'man'], ['seenIn', 'man'], ['bornBegan', 'his_career'], ['had', 'roles'], ['playedIn', 'roles'], ['appearedIn', 'television_shows'], ['in', 'recurring_roles'], ['appearedIn', 'various_television_shows'], ['had', 'film_part'], ['had', 'major_film_part'], ['had', 'recurring_roles'], ['had', 'first_major_film_part'], ['hadAs', 'his_major_film_part'], ['starredAs', 'author_Tobias_Wolff'], ['hadAs', 'his_first_film_part'], ['playedIn', 'early_1990s'], ['hadAs', 'his_first_major_film_part'], ['hadAs', 'his_film_part'], ['had', 'first_film_part'], ['had', '1990s'], ['received', 'acclaim'], ['received', 'critical_acclaim'], ['describedAs', 'his_performance'], ['performedAs', 'developmentally_disabled_boy'], ['performedAs', 'disabled_boy'], ['diedAt', 'age'], ['type', 'boy'], ['wonFor', 'his_performance'], ['with', 'romances'], ['achieved', 'international_stardom'], ['neverAchieved', 'stardom'], ['starredWith', 'crossed_romances'], ['reducedFor', 'years'], ['diedAt', 'time'], ['reducedFor', 'few_years'], ['reduced', 'workload'], ['sought', 'roles'], ['playsIn', 'genres'], ['starredIn', 'crime_drama'], ['starredIn', 'Catch'], ['actedIn', 'other_genres'], ['including', 'roles'], ['soughtIncluding', 'other_genres'], ['filmsIncluding', 'crime_drama'], ['soughtIncluding', 'genres'], ['performances', 'crime_drama'], ['appearedIn', 'Aviator'], ['portrayed', 'Howard_Hughes'], ['praisedIn', 'his_performances'], ['starredIn', 'thriller_Blood_Diamond'], ['wonFor', 'his_performances'], ['awardFor', 'crime_drama'], ['starredIn', 'political_thriller_Blood_Diamond'], ['starredIn', ""high_profile_directors_'_projects""], ['starredIn', ""several_high_profile_directors_'_projects""], ['starredIn', 'decade'], ['won', 'Academy_Award'], ['starredIncluding', ""several_high_profile_directors_'_projects""], ['filmsIncluding', 'action_thriller_Inception'], ['starredIncluding', ""several_profile_directors_'_projects""], ['starredIn', 'western_Django'], ['directedIncluding', ""directors_'_projects""], ['starredIn', 'Django'], ['starredIn', ""directors_'_projects""], ['starredIncluding', ""high_profile_directors_'_projects""], ['starredIn', 'romantic_drama'], ['starredIn', ""several_profile_directors_'_projects""], ['starredIn', 'drama'], ['type', 'founder'], ['founderOf', 'Appian_Way_Productions'], ['founderOf', 'production_company'], ['regularlySupports', 'charitable_causes'], ['workedOn', 'several_documentaries'], ['documentariesOn', 'environment'], ['workedOn', 'documentaries'], ['produced', 'several_documentaries'], ['produced', 'documentaries'], ['appearedIn', ""Time_magazine_'s_100_people""], ['appearedIn', ""Time_magazine_'s_100_most_influential_people""], ['appearedIn', 'world'], ['named', 'Commander'], ['rankOf', 'Commander'], ['commanderOf', 'Ordre_des_Arts'], ['appearedIn', ""Time_magazine_'s_100_influential_people""]]","[['mentionedIn', 'his_work'], ['actorIn', 'leading_man'], ['actorIn', 'biopics_and_period_films'], ['bornIn', 'Los_Angeles'], ['had', 'recurring_roles'], ['received', 'critical_acclaim'], ['received', 'first_Academy_Award_and_Golden_Globe_Award_nominations'], ['achieved', 'international_stardom'], ['sought', 'roles'], ['portrayed', 'Howard_Hughes'], ['starredIn', 'following_decade'], ['directedThriller', ""several_high-profile_directors'_projects""], ['actionThriller', 'action_thriller'], ['directedThriller', 'Inception'], ['type', 'founder'], ['supports', 'charitable_causes'], ['presidentOf', 'United_Nations_Messengers'], ['messengerOf', 'Peace']]"
9,Grey's Anatomy,"[[""Grey's Anatomy"", 'type', 'TV_Series'], [""Grey's Anatomy"", 'premiere_date', ['""2005-03-27""', 'xsd:date']], [""Grey's Anatomy"", 'network', 'ABC'], [""Grey's Anatomy"", 'genre', 'medical_drama'], [""Grey's Anatomy"", 'location', 'Seattle,_Washington'], [""Grey's Anatomy"", 'filming_location', 'Los_Angeles,_California_Vancouver,_British_Columbia'], [""Grey's Anatomy"", 'created_by', 'Shonda_Rhimes'], [""Grey's Anatomy"", 'showrunner', 'Krista_Vernoff'], [""Grey's Anatomy"", 'executive_producer', 'Krista_Vernoff'], [""Grey's Anatomy"", 'main_character', 'Dr._Meredith_Grey'], [""Grey's Anatomy"", 'main_actor', 'Ellen_Pompeo'], [""Grey's Anatomy"", 'seasons', '19'], [""Grey's Anatomy"", 'episode_count', '388'], [""Grey's Anatomy"", 'longest_running', ['""true""']], [""Grey's Anatomy"", 'spin_off', 'Station_19_Private_Practice'], [""Grey's Anatomy"", 'awards', 'Station_19_Private_Practice'], [""Grey's Anatomy"", 'rating', 'high'], [""Grey's Anatomy"", 'success', 'phenomenon'], [""Grey's Anatomy"", 'has_cast', 'Ellen_Pompeo'], [""Grey's Anatomy"", 'has_cast', 'Sandra_Oh'], [""Grey's Anatomy"", 'has_cast', 'Katherine_Heigl'], [""Grey's Anatomy"", 'has_cast', 'Justin_Chambers'], [""Grey's Anatomy"", 'has_cast', 'T_R_Knight'], [""Grey's Anatomy"", 'has_cast', 'Chandra_Wilson'], [""Grey's Anatomy"", 'has_cast', 'James_Pickens_Jr'], [""Grey's Anatomy"", 'has_cast', 'Isaiah_Washington'], [""Grey's Anatomy"", 'has_cast', 'Patrick_Dempsey'], [""Grey's Anatomy"", 'has_character', 'Dr._Meredith_Grey'], [""Grey's Anatomy"", 'has_location', 'Seattle_Washington'], [""Grey's Anatomy"", 'has_book', ""Gray's_Anatomy_book""], [""Grey's Anatomy"", 'has_medical_professional', 'Surgical_intern'], [""Grey's Anatomy"", 'has_medical_professional', 'Resident'], [""Grey's Anatomy"", 'has_medical_professional', 'Attending'], [""Grey's Anatomy"", 'has_season', 'season_19'], [""Grey's Anatomy"", 'has_event', 'Ellen_Pompeo_exit']]","[['type', 'American_medical_drama_television_series'], ['type', 'drama_television_series'], ['has', 'Anatomy'], ['type', 'medical_drama_television_series'], ['type', 'American_drama_television_series'], ['balancing', 'relationships'], ['relationshipsDevelop', 'while_relationships'], ['developInto', 'seasoned_doctors'], ['balancing', 'personal_relationships'], ['develop', 'personal_relationships'], ['developInto', 'doctors'], ['develop', 'relationships'], ['relationshipsDevelop', 'while_personal_relationships'], ['filmedIn', 'Seattle'], ['isIn', 'California'], ['studiosIn', 'Los_Angeles'], ['boardOf', 'chief'], ['chiefOf', 'general_surgery'], ['chiefOf', 'surgery'], ['laterBecomes', 'chief'], ['isAs', 'intern'], ['isRunning', 'primetime_show'], ['isScripted', 'scripted_primetime_show'], ['type', 'primetime_show'], ['basedOn', 'scripted_primetime_show'], ['airedOn', 'ABC'], ['longestRunning', 'scripted_primetime_show'], ['isRunning', 'longest_running_scripted_primetime_show'], ['isRunning', 'longest_running_primetime_show'], ['currentlyOn', 'primetime_show'], ['isOn', 'longest_running_primetime_show'], ['isOn', 'longest_running_scripted_primetime_show'], ['wereAmong', 'five_highest_earning_television_actors'], ['wereAmong', 'top_five_earning_television_actors'], ['wereAmong', 'top_five_television_actors'], ['wereAmong', 'television_actors'], ['wereAmong', 'five_earning_television_actors'], ['wereAmong', 'five_television_actors'], ['wereAmong', 'top_five_highest_earning_television_actors'], ['on', 'list'], ['rankedIn', 'its_15th_season'], ['rankedAs', ""ABC_'s_drama""], ['rankedAs', ""ABC_'s_rated_drama""], ['rankedIn', 'its_season'], ['running', 'American_primetime_drama_series'], ['type', 'primetime_drama_series'], ['type', 'primetime_medical_drama_series'], ['running', 'primetime_drama_series'], ['running', 'longest_running_American_primetime_medical_drama_series'], ['type', 'American_primetime_drama_series'], ['running', 'primetime_medical_drama_series'], ['running', 'longest_running_American_primetime_drama_series'], ['running', 'American_primetime_medical_drama_series'], ['type', 'American_primetime_medical_drama_series'], ['episodeIn', 'time_character'], ['eliminatedIn', 'show'], ['in', 'full_time_character'], ['type', 'time_character'], ['justTook', 'step'], ['type', 'full_time_character'], ['praisedBy', 'critics'], ['listOf', 'critics'], ['mostOf', 'its_run'], ['yearEnd', ""critics_'_year""], ['yearEnd', 'top_10_lists'], ['yearEnd', ""various_critics_'_year""], ['hadOn', 'effect'], ['effectOn', 'culture'], ['hadOn', 'significant_effect'], ['influenceOn', 'popular_culture'], ['had', 'significant_effect'], ['nominatedFor', 'numerous_awards'], ['nominatedFor', 'Golden_Globe_Award'], ['awardFor', 'Best_Television_Series'], ['nominatedFor', 'awards'], ['had', 'effect'], ['received', 'numerous_awards'], ['wonIncluding', 'awards'], ['wonIncluding', 'Golden_Globe_Award'], ['received', 'awards'], ['including', 'numerous_awards']]","[['type', 'American_medical_drama_television_series'], ['featuredAs', 'intern'], ['type', 'longest-running_scripted_primetime_show'], ['rankedAs', ""ABC's_highest-rated_drama""], ['rankedIn', 'its_15th_season'], ['type', 'longest-running_American_primetime_medical_drama_series'], ['mostOf', 'its_run'], ['receivedBy', 'critics']]"
